PERSON_ID,FIRST_NAME,LAST_NAME,DISPLAY_FIRST_LAST,DISPLAY_LAST_COMMA_FIRST,DISPLAY_FI_LAST,PLAYER_SLUG,BIRTHDATE,SCHOOL,COUNTRY,LAST_AFFILIATION,HEIGHT,WEIGHT,SEASON_EXP,JERSEY,POSITION,ROSTERSTATUS,GAMES_PLAYED_CURRENT_SEASON_FLAG,TEAM_ID,TEAM_NAME,TEAM_ABBREVIATION,TEAM_CODE,TEAM_CITY,PLAYERCODE,FROM_YEAR,TO_YEAR,DLEAGUE_FLAG,NBA_FLAG,GAMES_PLAYED_FLAG,DRAFT_YEAR,DRAFT_ROUND,DRAFT_NUMBER,GREATEST_75_FLAG,player_id
51,Mahmoud,Abdul-Rauf,Mahmoud Abdul-Rauf,"Abdul-Rauf, Mahmoud",M. Abdul-Rauf,mahmoud-abdul-rauf,1969-03-09T00:00:00,Louisiana State,USA,Louisiana State/USA,6-1,162,9,1,Guard,Inactive,N,1610612743,Nuggets,DEN,nuggets,Denver,mahmoud_abdul-rauf,1990,2000,N,Y,Y,1990,1,3,N,51
949,Shareef,Abdur-Rahim,Shareef Abdur-Rahim,"Abdur-Rahim, Shareef",S. Abdur-Rahim,shareef-abdur-rahim,1976-12-11T00:00:00,California,USA,California/USA,6-9,245,13,3,Forward,Inactive,N,1610612763,Grizzlies,VAN,grizzlies,Vancouver,shareef_abdur-rahim,1996,2007,N,Y,Y,1996,1,3,N,949
2042,Courtney,Alexander,Courtney Alexander,"Alexander, Courtney",C. Alexander,courtney-alexander,1977-04-27T00:00:00,Fresno State,USA,Fresno State/USA,6-5,205,4,32,Guard,Inactive,N,1610612764,Wizards,WAS,wizards,Washington,courtney_alexander,2000,2003,N,Y,Y,2000,1,13,N,2042
951,Ray,Allen,Ray Allen,"Allen, Ray",R. Allen,ray-allen,1975-07-20T00:00:00,Connecticut,USA,Connecticut/USA,6-5,205,18,34,Guard,Inactive,N,1610612749,Bucks,MIL,bucks,Milwaukee,ray_allen,1996,2013,N,Y,Y,1996,1,5,Y,951
1747,Rafer,Alston,Rafer Alston,"Alston, Rafer",R. Alston,rafer-alston,1976-07-24T00:00:00,Fresno State,USA,Fresno State/USA,6-2,175,11,11,Guard,Inactive,N,1610612745,Rockets,HOU,rockets,Houston,rafer_alston,1999,2009,Y,Y,Y,1998,2,39,N,1747
680,John,Amaechi,John Amaechi,"Amaechi, John",J. Amaechi,john-amaechi,1970-11-26T00:00:00,Penn State,United Kingdom,Penn State/United Kingdom,6-10,270,6,13,Forward-Center,Inactive,N,1610612753,Magic,ORL,magic,Orlando,john_amaechi,1995,2002,N,Y,Y,Undrafted,Undrafted,Undrafted,N,680
1507,Derek,Anderson,Derek Anderson,"Anderson, Derek",D. Anderson,derek-anderson,1974-07-18T00:00:00,Kentucky,USA,Kentucky/USA,6-5,195,12,1,Guard,Inactive,N,1610612757,Trail Blazers,POR,blazers,Portland,derek_anderson,1997,2007,N,Y,Y,1997,1,13,N,1507
98,Nick,Anderson,Nick Anderson,"Anderson, Nick",N. Anderson,nick-anderson,1968-01-20T00:00:00,Illinois,USA,Illinois/USA,6-6,228,14,5,Forward-Guard,Inactive,N,1610612753,Magic,ORL,magic,Orlando,nick_anderson,1989,2002,N,Y,Y,1989,1,11,N,98
1000,Shandon,Anderson,Shandon Anderson,"Anderson, Shandon",S. Anderson,shandon-anderson,1973-12-31T00:00:00,Georgia,USA,Georgia/USA,6-6,215,10,49,Guard-Forward,Inactive,N,1610612752,Knicks,NYK,knicks,New York,shandon_anderson,1996,2005,N,Y,Y,1996,2,54,N,1000
21,Greg,Anthony,Greg Anthony,"Anthony, Greg",G. Anthony,greg-anthony,1967-11-15T00:00:00,UNLV,USA,UNLV/USA,6-1,180,11,50,Guard,Inactive,N,1610612752,Knicks,NYK,knicks,New York,greg_anthony,1991,2001,N,Y,Y,1991,1,12,N,21
353,Darrell,Armstrong,Darrell Armstrong,"Armstrong, Darrell",D. Armstrong,darrell-armstrong,1968-06-22T00:00:00,Fayetteville State,USA,Fayetteville State/USA,6-1,180,15,10,Guard,Inactive,N,1610612753,Magic,ORL,magic,Orlando,darrell_armstrong,1994,2007,N,Y,Y,Undrafted,Undrafted,Undrafted,N,353
1088,Chucky,Atkins,Chucky Atkins,"Atkins, Chucky",C. Atkins,chucky-atkins,1974-08-14T00:00:00,South Florida,USA,South Florida/USA,5-11,185,12,17,Guard,Inactive,N,1610612765,Pistons,DET,pistons,Detroit,chucky_atkins,1999,2009,N,Y,Y,Undrafted,Undrafted,Undrafted,N,1088
278,Stacey,Augmon,Stacey Augmon,"Augmon, Stacey",S. Augmon,stacey-augmon,1968-08-01T00:00:00,UNLV,USA,UNLV/USA,6-8,213,16,2,Forward-Guard,Inactive,N,1610612737,Hawks,ATL,hawks,Atlanta,stacey_augmon,1991,2005,N,Y,Y,1991,1,9,N,278
1134,Ike,Austin,Ike Austin,"Austin, Ike",I. Austin,ike-austin,1969-08-18T00:00:00,Arizona State,USA,Arizona State/USA,6-10,288,9,,Center,Inactive,N,0,,,,,ike_austin,1991,2001,N,Y,Y,1991,2,48,N,1134
1895,William,Avery,William Avery,"Avery, William",W. Avery,william-avery,1979-08-08T00:00:00,Duke,USA,Duke/USA,6-2,180,4,30,Guard,Inactive,N,1610612750,Timberwolves,MIN,timberwolves,Minnesota,william_avery,1999,2002,N,Y,Y,1999,1,14,N,1895
2053,Dalibor,Bagaric,Dalibor Bagaric,"Bagaric, Dalibor",D. Bagaric,dalibor-bagaric,1980-07-02T00:00:00,Benston Zagreb,Croatia,Benston Zagreb/Croatia,7-1,290,4,11,Center,Inactive,N,1610612741,Bulls,CHI,bulls,Chicago,dalibor_bagaric,2000,2002,N,Y,Y,2000,1,24,N,2053
452,Vin,Baker,Vin Baker,"Baker, Vin",V. Baker,vin-baker,1971-11-23T00:00:00,Hartford,USA,Hartford/USA,6-11,240,13,34,Forward,Inactive,N,1610612760,SuperSonics,SEA,thunder,Seattle,vin_baker,1993,2005,N,Y,Y,1993,1,8,N,452
344,Dana,Barros,Dana Barros,"Barros, Dana",D. Barros,dana-barros,1967-04-13T00:00:00,Boston College,USA,Boston College/USA,5-11,165,15,,Guard,Inactive,N,1610612738,Celtics,BOS,celtics,Boston,dana_barros,1989,2003,N,Y,Y,1989,1,16,N,344
699,Brent,Barry,Brent Barry,"Barry, Brent",B. Barry,brent-barry,1971-12-31T00:00:00,Oregon State,USA,Oregon State/USA,6-7,210,15,17,Guard,Inactive,N,1610612760,SuperSonics,SEA,thunder,Seattle,brent_barry,1995,2008,N,Y,Y,1995,1,15,N,699
468,Jon,Barry,Jon Barry,"Barry, Jon",J. Barry,jon-barry,1969-07-25T00:00:00,Georgia Tech,USA,Georgia Tech/USA,6-5,210,14,,Guard,Inactive,N,0,,,,,jon_barry,1992,2005,N,Y,Y,1992,1,21,N,468
1499,Tony,Battie,Tony Battie,"Battie, Tony",T. Battie,tony-battie,1976-02-11T00:00:00,Texas Tech,USA,Texas Tech/USA,6-11,240,15,4,Center,Inactive,N,1610612738,Celtics,BOS,celtics,Boston,tony_battie,1997,2011,N,Y,Y,1997,1,5,N,1499
1952,Raja,Bell,Raja Bell,"Bell, Raja",R. Bell,raja-bell,1976-09-19T00:00:00,Florida International,US Virgin Islands,Florida International/U.S. Virgin Islands,6-5,210,13,19,Guard,Inactive,N,1610612756,Suns,PHX,suns,Phoenix,raja_bell,2000,2011,N,Y,Y,Undrafted,Undrafted,Undrafted,N,1952
1886,Jonathan,Bender,Jonathan Bender,"Bender, Jonathan",J. Bender,jonathan-bender,1981-01-30T00:00:00,Picayune HS (MS),USA,Picayune HS (MS)/USA,7-0,230,9,9,Forward,Inactive,N,1610612754,Pacers,IND,pacers,Indiana,jonathan_bender,1999,2009,N,Y,Y,1999,1,5,N,1886
1736,Corey,Benjamin,Corey Benjamin,"Benjamin, Corey",C. Benjamin,corey-benjamin,1978-02-24T00:00:00,Oregon State,USA,Oregon State/USA,6-6,200,5,,Guard,Inactive,N,0,,,,,corey_benjamin,1998,2002,N,Y,Y,1998,1,28,N,1736
128,David,Benoit,David Benoit,"Benoit, David",D. Benoit,david-benoit,1968-05-09T00:00:00,Alabama,USA,Alabama/USA,6-8,220,7,21,Forward,Inactive,N,1610612762,Jazz,UTA,jazz,Utah,david_benoit,1991,2000,N,Y,Y,Undrafted,Undrafted,Undrafted,N,128
696,Travis,Best,Travis Best,"Best, Travis",T. Best,travis-best,1972-07-12T00:00:00,Georgia Tech,USA,Georgia Tech/USA,5-11,182,11,6,Guard,Inactive,N,1610612754,Pacers,IND,pacers,Indiana,travis_best,1995,2004,N,Y,Y,1995,1,23,N,696
1710,Mike,Bibby,Mike Bibby,"Bibby, Mike",M. Bibby,mike-bibby,1978-05-13T00:00:00,Arizona,USA,Arizona/USA,6-2,195,15,20,Guard,Inactive,N,1610612758,Kings,SAC,kings,Sacramento,mike_bibby,1998,2011,N,Y,Y,1998,1,2,N,1710
1497,Chauncey,Billups,Chauncey Billups,"Billups, Chauncey",C. Billups,chauncey-billups,1976-09-25T00:00:00,Colorado,USA,Colorado/USA,6-3,210,17,1,Guard,Inactive,N,1610612765,Pistons,DET,pistons,Detroit,chauncey_billups,1997,2013,N,Y,Y,1997,1,3,N,1497
302,Mookie,Blaylock,Mookie Blaylock,"Blaylock, Mookie",M. Blaylock,mookie-blaylock,1967-03-20T00:00:00,Oklahoma,USA,Oklahoma/USA,,,13,,Guard,Inactive,N,0,,,,,mookie_blaylock,1989,2001,N,Y,Y,1989,1,12,N,302
916,Corie,Blount,Corie Blount,"Blount, Corie",C. Blount,corie-blount,1969-01-04T00:00:00,Cincinnati,USA,Cincinnati/USA,6-10,242,12,44,Forward-Center,Inactive,N,1610612741,Bulls,CHI,bulls,Chicago,corie_blount,1993,2003,N,Y,Y,1993,1,25,N,916
1548,Mark,Blount,Mark Blount,"Blount, Mark",M. Blount,mark-blount,1975-11-30T00:00:00,Pittsburgh,USA,Pittsburgh/USA,7-0,250,10,15,Center-Forward,Inactive,N,1610612738,Celtics,BOS,celtics,Boston,mark_blount,2000,2008,N,Y,Y,1997,2,54,N,1548
1916,Calvin,Booth,Calvin Booth,"Booth, Calvin",C. Booth,calvin-booth,1976-05-07T00:00:00,Penn State,USA,Penn State/USA,6-11,230,11,52,Center,Inactive,N,1610612760,SuperSonics,SEA,thunder,Seattle,calvin_booth,1999,2008,N,Y,Y,1999,2,35,N,1916
1898,Cal,Bowdler,Cal Bowdler,"Bowdler, Cal",C. Bowdler,cal-bowdler,1977-03-31T00:00:00,Old Dominion,USA,Old Dominion/USA,6-10,253,3,6,Forward,Inactive,N,1610612737,Hawks,ATL,hawks,Atlanta,cal_bowdler,1999,2001,N,Y,Y,1999,1,17,N,1898
1477,Bruce,Bowen,Bruce Bowen,"Bowen, Bruce",B. Bowen,bruce-bowen,1971-06-14T00:00:00,California State-Fullerton,USA,California State-Fullerton/USA,6-7,200,14,12,Forward,Inactive,N,1610612759,Spurs,SAS,spurs,San Antonio,bruce_bowen,1996,2008,N,Y,Y,Undrafted,Undrafted,Undrafted,N,1477
1763,Ryan,Bowen,Ryan Bowen,"Bowen, Ryan",R. Bowen,ryan-bowen,1975-11-20T00:00:00,Iowa,USA,Iowa/USA,6-9,218,10,,Forward,Inactive,N,0,,,,,ryan_bowen,1999,2009,N,Y,Y,1998,2,55,N,1763
762,Shawn,Bradley,Shawn Bradley,"Bradley, Shawn",S. Bradley,shawn-bradley,1972-03-22T00:00:00,Brigham Young,USA,Brigham Young/USA,7-6,275,13,44,Center,Inactive,N,1610612742,Mavericks,DAL,mavericks,Dallas,shawn_bradley,1993,2004,N,Y,Y,1993,1,2,N,762
1882,Elton,Brand,Elton Brand,"Brand, Elton",E. Brand,elton-brand,1979-03-11T00:00:00,Duke,USA,Duke/USA,6-9,254,18,42,Forward,Inactive,N,1610612746,Clippers,LAC,clippers,Los Angeles,elton_brand,1999,2015,N,Y,Y,1999,1,1,N,1882
210,Terrell,Brandon,Terrell Brandon,"Brandon, Terrell",T. Brandon,terrell-brandon,1970-05-20T00:00:00,Oregon,USA,Oregon/USA,5-11,173,12,7,Guard,Inactive,N,1610612739,Cavaliers,CLE,cavaliers,Cleveland,terrell_brandon,1991,2002,N,Y,Y,1991,1,11,N,210
359,Chucky,Brown,Chucky Brown,"Brown, Chucky",C. Brown,chucky-brown,1968-02-29T00:00:00,North Carolina State,USA,North Carolina State/USA,6-8,220,13,52,Forward,Inactive,N,1610612739,Cavaliers,CLE,cavaliers,Cleveland,chucky_brown,1989,2001,N,Y,Y,1989,2,43,N,359
244,Dee,Brown,Dee Brown,"Brown, Dee",D. Brown,dee-brown,1968-11-29T00:00:00,Jacksonville,USA,Jacksonville/USA,,,12,,Guard,Inactive,N,0,,,,,dee_brown,1990,2001,N,Y,Y,1990,1,19,N,244
136,P.J.,Brown,P.J. Brown,"Brown, P.J.",P. Brown,pj-brown,1969-10-14T00:00:00,Louisiana Tech,USA,Louisiana Tech/USA,6-11,239,16,93,Forward-Center,Inactive,N,1610612740,Hornets,NOK,pelicans,New Orleans/Oklahoma City,p.j._brown,1993,2007,N,Y,Y,1992,2,29,N,136
1594,Rick,Brunson,Rick Brunson,"Brunson, Rick",R. Brunson,rick-brunson,1972-06-14T00:00:00,Temple,USA,Temple/USA,6-4,190,9,9,Guard,Inactive,N,1610612757,Trail Blazers,POR,blazers,Portland,rick_brunson,1997,2005,N,Y,Y,Undrafted,Undrafted,Undrafted,N,1594
977,Kobe,Bryant,Kobe Bryant,"Bryant, Kobe",K. Bryant,kobe-bryant,1978-08-23T00:00:00,Lower Merion HS (PA),USA,Lower Merion HS (PA)/USA,6-6,212,20,24,Forward-Guard,Inactive,N,1610612747,Lakers,LAL,lakers,Los Angeles,kobe_bryant,1996,2015,N,Y,Y,1996,1,13,Y,977
95,Mark,Bryant,Mark Bryant,"Bryant, Mark",M. Bryant,mark-bryant,1965-04-25T00:00:00,Seton Hall,USA,Seton Hall/USA,6-9,250,16,9,Forward,Inactive,N,1610612757,Trail Blazers,POR,blazers,Portland,mark_bryant,1988,2002,N,Y,Y,1988,1,21,N,95
1761,Greg,Buckner,Greg Buckner,"Buckner, Greg",G. Buckner,greg-buckner,1976-09-16T00:00:00,Clemson,USA,Clemson/USA,6-4,210,11,7,Guard,Inactive,N,1610612742,Mavericks,DAL,mavericks,Dallas,greg_buckner,1999,2008,N,Y,Y,1998,2,53,N,1761
146,Jud,Buechler,Jud Buechler,"Buechler, Jud",J. Buechler,jud-buechler,1968-06-19T00:00:00,Arizona,USA,Arizona/USA,6-6,228,12,30,Guard-Forward,Inactive,N,1610612741,Bulls,CHI,bulls,Chicago,jud_buechler,1990,2001,N,Y,Y,1990,2,38,N,146
1934,Rodney,Buford,Rodney Buford,"Buford, Rodney",R. Buford,rodney-buford,1977-11-02T00:00:00,Creighton,USA,Creighton/USA,6-5,195,6,2,Forward-Guard,Inactive,N,1610612751,Nets,NJN,nets,New Jersey,rodney_buford,1999,2004,N,Y,Y,1999,2,53,N,1934
672,Matt,Bullard,Matt Bullard,"Bullard, Matt",M. Bullard,matt-bullard,1967-06-05T00:00:00,Iowa,USA,Iowa/USA,6-10,229,12,50,Forward,Inactive,N,1610612745,Rockets,HOU,rockets,Houston,matt_bullard,1990,2002,N,Y,Y,Undrafted,Undrafted,Undrafted,N,672
197,Scott,Burrell,Scott Burrell,"Burrell, Scott",S. Burrell,scott-burrell,1971-01-12T00:00:00,Connecticut,USA,Connecticut/USA,6-7,218,8,2,Guard,Inactive,N,1610612766,Hornets,CHH,hornets,Charlotte,scott_burrell,1993,2000,N,Y,Y,1993,1,20,N,197
679,Jason,Caffey,Jason Caffey,"Caffey, Jason",J. Caffey,jason-caffey,1973-06-12T00:00:00,Alabama,USA,Alabama/USA,6-8,256,9,35,Forward,Inactive,N,1610612741,Bulls,CHI,bulls,Chicago,jason_caffey,1995,2002,N,Y,Y,1995,1,20,N,679
948,Marcus,Camby,Marcus Camby,"Camby, Marcus",M. Camby,marcus-camby,1974-03-22T00:00:00,Massachusetts,USA,Massachusetts/USA,6-11,240,18,23,Center-Forward,Inactive,N,1610612743,Nuggets,DEN,nuggets,Denver,marcus_camby,1996,2012,N,Y,Y,1996,1,2,N,948
922,Elden,Campbell,Elden Campbell,"Campbell, Elden",E. Campbell,elden-campbell,1968-07-23T00:00:00,Clemson,USA,Clemson/USA,7-0,279,16,41,Center-Forward,Inactive,N,1610612747,Lakers,LAL,lakers,Los Angeles,elden_campbell,1990,2004,N,Y,Y,1990,1,27,N,922
2073,Brian,Cardinal,Brian Cardinal,"Cardinal, Brian",B. Cardinal,brian-cardinal,1977-05-02T00:00:00,Purdue,USA,Purdue/USA,6-8,240,13,35,Forward,Inactive,N,1610612763,Grizzlies,MEM,grizzlies,Memphis,brian_cardinal,2000,2011,N,Y,Y,2000,2,44,N,2073
1853,Anthony,Carter,Anthony Carter,"Carter, Anthony",A. Carter,anthony-carter,1975-06-16T00:00:00,Hawaii,USA,Hawaii/USA,6-1,190,14,,Guard,Inactive,N,0,,,,,anthony_carter,1999,2011,N,Y,Y,Undrafted,Undrafted,Undrafted,N,1853
1713,Vince,Carter,Vince Carter,"Carter, Vince",V. Carter,vince-carter,1977-01-26T00:00:00,North Carolina,USA,North Carolina/USA,6-6,220,23,15,Guard-Forward,Inactive,N,1610612761,Raptors,TOR,raptors,Toronto,vince_carter,1998,2019,N,Y,Y,1998,1,5,N,1713
208,Sam,Cassell,Sam Cassell,"Cassell, Sam",S. Cassell,sam-cassell,1969-11-18T00:00:00,Florida State,USA,Florida State/USA,6-3,185,16,28,Guard,Inactive,N,1610612749,Bucks,MIL,bucks,Milwaukee,sam_cassell,1993,2007,N,Y,Y,1993,1,24,N,208
1509,Kelvin,Cato,Kelvin Cato,"Cato, Kelvin",K. Cato,kelvin-cato,1974-08-26T00:00:00,Iowa State,USA,Iowa State/USA,6-11,275,11,26,Center,Inactive,N,1610612745,Rockets,HOU,rockets,Houston,kelvin_cato,1997,2006,N,Y,Y,1997,1,15,N,1509
190,Duane,Causwell,Duane Causwell,"Causwell, Duane",D. Causwell,duane-causwell,1968-05-31T00:00:00,Temple,USA,Temple/USA,7-0,255,12,,Center,Inactive,N,1610612758,Kings,SAC,kings,Sacramento,duane_causwell,1990,2002,N,Y,Y,1990,1,18,N,190
76,Cedric,Ceballos,Cedric Ceballos,"Ceballos, Cedric",C. Ceballos,cedric-ceballos,1969-08-02T00:00:00,California State-Fullerton,USA,California State-Fullerton/USA,6-7,220,11,23,Forward,Inactive,N,1610612756,Suns,PHX,suns,Phoenix,cedric_ceballos,1990,2000,N,Y,Y,1990,2,48,N,76
164,Chris,Childs,Chris Childs,"Childs, Chris",C. Childs,chris-childs,1967-11-20T00:00:00,Boise State,USA,Boise State/USA,6-3,195,9,,Guard,Inactive,N,1610612752,Knicks,NYK,knicks,New York,chris_childs,1994,2002,N,Y,Y,Undrafted,Undrafted,Undrafted,N,164
57,Doug,Christie,Doug Christie,"Christie, Doug",D. Christie,doug-christie,1970-05-09T00:00:00,Pepperdine,USA,Pepperdine/USA,6-6,205,15,,Guard-Forward,Inactive,N,0,,,,,doug_christie,1992,2006,N,Y,Y,1992,1,17,N,57
1721,Keon,Clark,Keon Clark,"Clark, Keon",K. Clark,keon-clark,1975-04-16T00:00:00,UNLV,USA,UNLV/USA,6-11,221,7,13,Center-Forward,Inactive,N,1610612743,Nuggets,DEN,nuggets,Denver,keon_clark,1998,2003,N,Y,Y,1998,1,13,N,1721
2043,Mateen,Cleaves,Mateen Cleaves,"Cleaves, Mateen",M. Cleaves,mateen-cleaves,1977-09-07T00:00:00,Michigan State,USA,Michigan State/USA,6-2,210,7,,Guard,Inactive,N,0,,,,,mateen_cleaves,2000,2005,Y,Y,Y,2000,1,14,N,2043
1569,Keith,Closs,Keith Closs,"Closs, Keith",K. Closs,keith-closs,1976-04-03T00:00:00,Central Connecticut State,USA,Central Connecticut State/USA,7-3,212,4,33,Center,Inactive,N,1610612746,Clippers,LAC,clippers,Los Angeles,keith_closs,1997,2000,Y,Y,Y,Undrafted,Undrafted,Undrafted,N,1569
934,Derrick,Coleman,Derrick Coleman,"Coleman, Derrick",D. Coleman,derrick-coleman,1967-06-21T00:00:00,Syracuse,USA,Syracuse/USA,6-10,270,15,,Forward,Inactive,N,0,,,,,derrick_coleman,1990,2004,N,Y,Y,1990,1,1,N,934
2173,Sean,Colson,Sean Colson,"Colson, Sean",S. Colson,sean-colson,1975-07-01T00:00:00,North Carolina-Charlotte,USA,North Carolina-Charlotte/USA,6-0,175,2,3,Guard,Inactive,N,1610612745,Rockets,HOU,rockets,Houston,sean_colson,2000,2002,N,Y,Y,Undrafted,Undrafted,Undrafted,N,2173
1544,Chris,Crawford,Chris Crawford,"Crawford, Chris",C. Crawford,chris-crawford,1975-05-13T00:00:00,Marquette,USA,Marquette/USA,6-9,235,8,4,Forward,Inactive,N,1610612737,Hawks,ATL,hawks,Atlanta,chris_crawford,1997,2003,N,Y,Y,1997,2,50,N,1544
1506,Austin,Croshere,Austin Croshere,"Croshere, Austin",A. Croshere,austin-croshere,1975-05-01T00:00:00,Providence,USA,Providence/USA,6-10,240,12,,Forward,Inactive,N,0,,,,,austin_croshere,1997,2008,N,Y,Y,1997,1,12,N,1506
180,John,Crotty,John Crotty,"Crotty, John",J. Crotty,john-crotty,1969-07-15T00:00:00,Virginia,USA,Virginia/USA,,,11,,Guard,Inactive,N,0,,,,,john_crotty,1992,2002,N,Y,Y,Undrafted,Undrafted,Undrafted,N,180
1907,Vonteego,Cummings,Vonteego Cummings,"Cummings, Vonteego",V. Cummings,vonteego-cummings,1976-02-29T00:00:00,Pittsburgh,USA,Pittsburgh/USA,,,4,,,Inactive,N,0,,,,,vonteego_cummings,1999,2007,Y,Y,Y,1999,1,26,N,1907
209,Dell,Curry,Dell Curry,"Curry, Dell",D. Curry,dell-curry,1964-06-25T00:00:00,Virginia Tech,USA,Virginia Tech/USA,6-5,205,16,30,Guard-Forward,Inactive,N,1610612766,Hornets,CHH,hornets,Charlotte,dell_curry,1986,2001,N,Y,Y,1986,1,15,N,209
956,Erick,Dampier,Erick Dampier,"Dampier, Erick",E. Dampier,erick-dampier,1975-07-14T00:00:00,Mississippi State,USA,Mississippi State/USA,6-11,265,17,25,Center,Inactive,N,1610612744,Warriors,GSW,warriors,Golden State,erick_dampier,1996,2011,N,Y,Y,1996,1,10,N,956
1498,Antonio,Daniels,Antonio Daniels,"Daniels, Antonio",A. Daniels,antonio-daniels,1975-03-19T00:00:00,Bowling Green,USA,Bowling Green/USA,6-4,205,14,22,Guard,Inactive,N,1610612759,Spurs,SAS,spurs,San Antonio,antonio_daniels,1997,2010,Y,Y,Y,1997,1,4,N,1498
1600,Kornel,David,Kornel David,"David, Kornel",K. David,kornel-david,1971-10-22T00:00:00,Budapest AEH,USA,Budapest AEH/USA,6-9,230,3,9,Forward,Inactive,N,1610612741,Bulls,CHI,bulls,Chicago,kornel_david,1998,2000,N,Y,Y,Undrafted,Undrafted,Undrafted,N,1600
213,Antonio,Davis,Antonio Davis,"Davis, Antonio",A. Davis,antonio-davis,1968-10-31T00:00:00,Texas-El Paso,USA,Texas-El Paso/USA,6-9,245,13,,Forward-Center,Inactive,N,0,,,,,antonio_davis,1993,2005,N,Y,Y,1990,2,45,N,213
1884,Baron,Davis,Baron Davis,"Davis, Baron",B. Davis,baron-davis,1979-04-13T00:00:00,UCLA,USA,UCLA/USA,6-3,212,14,85,Guard,Inactive,N,1610612766,Hornets,CHH,hornets,Charlotte,baron_davis,1999,2011,Y,Y,Y,1999,1,3,N,1884
905,Dale,Davis,Dale Davis,"Davis, Dale",D. Davis,dale-davis,1969-03-25T00:00:00,Clemson,USA,Clemson/USA,6-11,252,17,34,Center-Forward,Inactive,N,1610612754,Pacers,IND,pacers,Indiana,dale_davis,1991,2006,N,Y,Y,1991,1,13,N,905
1023,Emanual,Davis,Emanual Davis,"Davis, Emanual",E. Davis,emanual-davis,1968-08-27T00:00:00,Delaware State,USA,Delaware State/USA,6-5,195,7,15,Guard,Inactive,N,1610612760,SuperSonics,SEA,thunder,Seattle,emanual_davis,1996,2002,N,Y,Y,Undrafted,Undrafted,Undrafted,N,1023
93,Hubert,Davis,Hubert Davis,"Davis, Hubert",H. Davis,hubert-davis,1970-05-17T00:00:00,North Carolina,USA,North Carolina/USA,6-5,183,13,44,Guard,Inactive,N,1610612752,Knicks,NYK,knicks,New York,hubert_davis,1992,2003,N,Y,Y,1992,1,20,N,93
426,Terry,Davis,Terry Davis,"Davis, Terry",T. Davis,terry-davis,1967-06-17T00:00:00,Virginia Union,USA,Virginia Union/USA,6-10,270,10,54,Center-Forward,Inactive,N,1610612742,Mavericks,DAL,mavericks,Dallas,terry_davis,1989,2000,N,Y,Y,Undrafted,Undrafted,Undrafted,N,426
692,Andrew,DeClercq,Andrew DeClercq,"DeClercq, Andrew",A. DeClercq,andrew-declercq,1973-02-01T00:00:00,Florida,USA,Florida/USA,6-10,255,11,,Center,Inactive,N,0,,,,,andrew_declercq,1995,2004,N,Y,Y,1995,2,34,N,692
219,Vinny,Del Negro,Vinny Del Negro,"Del Negro, Vinny",V. Del Negro,vinny-del-negro,1966-08-09T00:00:00,North Carolina State,USA,North Carolina State/USA,,,12,,Guard,Inactive,N,0,,,,,vinny_del negro,1988,2001,N,Y,Y,1988,2,29,N,219
960,Tony,Delk,Tony Delk,"Delk, Tony",T. Delk,tony-delk,1974-01-28T00:00:00,Kentucky,USA,Kentucky/USA,6-2,189,10,00,Guard,Inactive,N,1610612756,Suns,PHX,suns,Phoenix,tony_delk,1996,2005,N,Y,Y,1996,1,16,N,960
1722,Michael,Dickerson,Michael Dickerson,"Dickerson, Michael",M. Dickerson,michael-dickerson,1975-06-25T00:00:00,Arizona,USA,Arizona/USA,6-5,190,6,8,Guard,Inactive,N,1610612763,Grizzlies,MEM,grizzlies,Memphis,michael_dickerson,1998,2002,N,Y,Y,1998,1,14,N,1722
124,Vlade,Divac,Vlade Divac,"Divac, Vlade",V. Divac,vlade-divac,1968-02-03T00:00:00,Partizan,Serbia,Partizan/Serbia,7-1,260,17,21,Center,Inactive,N,1610612747,Lakers,LAL,lakers,Los Angeles,vlade_divac,1989,2004,N,Y,Y,1989,1,26,N,124
1720,Michael,Doleac,Michael Doleac,"Doleac, Michael",M. Doleac,michael-doleac,1977-06-15T00:00:00,Utah,USA,Utah/USA,6-11,262,11,51,Center,Inactive,N,1610612753,Magic,ORL,magic,Orlando,michael_doleac,1998,2007,N,Y,Y,1998,1,12,N,1720
2039,Keyon,Dooling,Keyon Dooling,"Dooling, Keyon",K. Dooling,keyon-dooling,1980-05-08T00:00:00,Missouri,USA,Missouri/USA,6-3,195,14,55,Guard,Inactive,N,1610612746,Clippers,LAC,clippers,Los Angeles,keyon_dooling,2000,2012,Y,Y,Y,2000,1,10,N,2039
201,Chris,Dudley,Chris Dudley,"Dudley, Chris",C. Dudley,chris-dudley,1965-02-22T00:00:00,Yale,USA,Yale/USA,6-11,260,17,14,Center,Inactive,N,1610612757,Trail Blazers,POR,blazers,Portland,chris_dudley,1987,2002,N,Y,Y,1987,4,75,N,201
1495,Tim,Duncan,Tim Duncan,"Duncan, Tim",T. Duncan,tim-duncan,1976-04-25T00:00:00,Wake Forest,US Virgin Islands,Wake Forest/US Virgin Islands,6-11,250,20,21,Center-Forward,Inactive,N,1610612759,Spurs,SAS,spurs,San Antonio,tim_duncan,1997,2015,N,Y,Y,1997,1,1,Y,1495
721,Tyus,Edney,Tyus Edney,"Edney, Tyus",T. Edney,tyus-edney,1973-02-14T00:00:00,UCLA,USA,UCLA/USA,5-10,166,4,2,Guard,Inactive,N,1610612758,Kings,SAC,kings,Sacramento,tyus_edney,1995,2000,N,Y,Y,1995,2,47,N,721
236,Kevin,Edwards,Kevin Edwards,"Edwards, Kevin",K. Edwards,kevin-edwards,1965-10-30T00:00:00,DePaul,USA,DePaul/USA,6-3,210,11,21,Guard,Inactive,N,1610612748,Heat,MIA,heat,Miami,kevin_edwards,1988,2000,N,Y,Y,1988,1,20,N,236
458,Howard,Eisley,Howard Eisley,"Eisley, Howard",H. Eisley,howard-eisley,1972-12-04T00:00:00,Boston College,USA,Boston College/USA,6-2,185,12,10,Guard,Inactive,N,1610612762,Jazz,UTA,jazz,Utah,howard_eisley,1994,2005,N,Y,Y,1994,2,30,N,458
53,Mario,Elie,Mario Elie,"Elie, Mario",M. Elie,mario-elie,1963-11-26T00:00:00,American International,USA,American International/USA,6-5,225,11,17,Guard-Forward,Inactive,N,1610612745,Rockets,HOU,rockets,Houston,mario_elie,1990,2000,N,Y,Y,1985,7,160,N,53
251,Sean,Elliott,Sean Elliott,"Elliott, Sean",S. Elliott,sean-elliott,1968-02-02T00:00:00,Arizona,USA,Arizona/USA,6-8,220,12,32,Forward,Inactive,N,1610612759,Spurs,SAS,spurs,San Antonio,sean_elliott,1989,2000,N,Y,Y,1989,1,3,N,251
111,LaPhonso,Ellis,LaPhonso Ellis,"Ellis, LaPhonso",L. Ellis,laphonso-ellis,1970-05-05T00:00:00,Notre Dame,USA,Notre Dame/USA,6-8,240,12,3,Forward,Inactive,N,1610612743,Nuggets,DEN,nuggets,Denver,laphonso_ellis,1992,2002,N,Y,Y,1992,1,5,N,111
1915,Evan,Eschmeyer,Evan Eschmeyer,"Eschmeyer, Evan",E. Eschmeyer,evan-eschmeyer,1975-05-30T00:00:00,Northwestern,USA,Northwestern/USA,6-11,250,5,00,Center,Inactive,N,1610612751,Nets,NJN,nets,New Jersey,evan_eschmeyer,1999,2003,N,Y,Y,1999,2,34,N,1915
121,Patrick,Ewing,Patrick Ewing,"Ewing, Patrick",P. Ewing,patrick-ewing,1962-08-05T00:00:00,Georgetown,Jamaica,Georgetown/Jamaica,7-0,255,17,33,Center,Inactive,N,1610612752,Knicks,NYK,knicks,New York,patrick_ewing,1985,2001,N,Y,Y,1985,1,1,Y,121
198,Danny,Ferry,Danny Ferry,"Ferry, Danny",D. Ferry,danny-ferry,1966-10-17T00:00:00,Duke,USA,Duke/USA,6-10,235,14,35,Forward,Inactive,N,1610612739,Cavaliers,CLE,cavaliers,Cleveland,danny_ferry,1990,2002,N,Y,Y,1989,1,2,N,198
714,Michael,Finley,Michael Finley,"Finley, Michael",M. Finley,michael-finley,1973-03-06T00:00:00,Wisconsin,USA,Wisconsin/USA,6-7,225,16,40,Guard-Forward,Inactive,N,1610612742,Mavericks,DAL,mavericks,Dallas,michael_finley,1995,2009,N,Y,Y,1995,1,21,N,714
965,Derek,Fisher,Derek Fisher,"Fisher, Derek",D. Fisher,derek-fisher,1974-08-09T00:00:00,Arkansas-Little Rock,USA,Arkansas-Little Rock/USA,6-1,210,18,6,Guard,Inactive,N,1610612747,Lakers,LAL,lakers,Los Angeles,derek_fisher,1996,2013,N,Y,Y,1996,1,24,N,965
2033,Marcus,Fizer,Marcus Fizer,"Fizer, Marcus",M. Fizer,marcus-fizer,1978-08-10T00:00:00,Iowa State,USA,Iowa State/USA,,,6,,,Inactive,N,0,,,,,marcus_fizer,2000,2007,Y,Y,Y,2000,1,4,N,2033
323,Greg,Foster,Greg Foster,"Foster, Greg",G. Foster,greg-foster,1968-10-03T00:00:00,Texas-El Paso,USA,Texas-El Paso/USA,6-11,250,13,43,Center,Inactive,N,1610612762,Jazz,UTA,jazz,Utah,greg_foster,1990,2002,N,Y,Y,1990,2,35,N,323
1902,Jeff,Foster,Jeff Foster,"Foster, Jeff",J. Foster,jeff-foster,1977-01-16T00:00:00,Southwest Texas State,USA,Southwest Texas State/USA,6-11,250,13,10,Forward-Center,Inactive,N,1610612754,Pacers,IND,pacers,Indiana,jeff_foster,1999,2011,N,Y,Y,1999,1,21,N,1902
296,Rick,Fox,Rick Fox,"Fox, Rick",R. Fox,rick-fox,1969-07-24T00:00:00,North Carolina,Canada,North Carolina/Canada,6-7,235,14,17,Forward,Inactive,N,1610612747,Lakers,LAL,lakers,Los Angeles,rick_fox,1991,2003,N,Y,Y,1991,1,24,N,296
1502,Adonal,Foyle,Adonal Foyle,"Foyle, Adonal",A. Foyle,adonal-foyle,1975-03-09T00:00:00,Colgate,St. Vincent & Grenadines,Colgate/St. Vincent & Grenadines,6-10,270,13,31,Center,Inactive,N,1610612744,Warriors,GSW,warriors,Golden State,adonal_foyle,1997,2009,N,Y,Y,1997,1,8,N,1502
1883,Steve,Francis,Steve Francis,"Francis, Steve",S. Francis,steve-francis,1977-02-21T00:00:00,Maryland,USA,Maryland/USA,6-3,210,10,3,Guard,Inactive,N,1610612745,Rockets,HOU,rockets,Houston,steve_francis,1999,2007,N,Y,Y,1999,1,2,N,1883
1444,Lawrence,Funderburke,Lawrence Funderburke,"Funderburke, Lawrence",L. Funderburke,lawrence-funderburke,1970-12-15T00:00:00,Ohio State,USA,Ohio State/USA,6-9,230,8,51,Forward,Inactive,N,1610612758,Kings,SAC,kings,Sacramento,lawrence_funderburke,1997,2004,N,Y,Y,1994,2,51,N,1444
1612,Chris,Garner,Chris Garner,"Garner, Chris",C. Garner,chris-garner,1975-02-23T00:00:00,Memphis,USA,Memphis/USA,5-10,156,3,2,Guard,Inactive,N,1610612761,Raptors,TOR,raptors,Toronto,chris_garner,1997,2000,N,Y,Y,Undrafted,Undrafted,Undrafted,N,1612
708,Kevin,Garnett,Kevin Garnett,"Garnett, Kevin",K. Garnett,kevin-garnett,1976-05-19T00:00:00,Farragut Academy HS (IL),USA,Farragut Academy HS (IL)/USA,6-11,240,22,21,Forward,Inactive,N,1610612750,Timberwolves,MIN,timberwolves,Minnesota,kevin_garnett,1995,2015,N,Y,Y,1995,1,5,Y,708
1051,Dean,Garrett,Dean Garrett,"Garrett, Dean",D. Garrett,dean-garrett,1966-11-27T00:00:00,Indiana,USA,Indiana/USA,6-11,250,6,22,Center,Inactive,N,1610612750,Timberwolves,MIN,timberwolves,Minnesota,dean_garrett,1996,2001,N,Y,Y,1988,2,38,N,1051
1727,Pat,Garrity,Pat Garrity,"Garrity, Pat",P. Garrity,pat-garrity,1976-08-23T00:00:00,Notre Dame,USA,Notre Dame/USA,6-9,238,11,8,Forward,Inactive,N,1610612753,Magic,ORL,magic,Orlando,pat_garrity,1998,2007,N,Y,Y,1998,1,19,N,1727
423,Chris,Gatling,Chris Gatling,"Gatling, Chris",C. Gatling,chris-gatling,1967-09-03T00:00:00,Old Dominion,USA,Old Dominion/USA,,,11,,Forward,Inactive,N,0,,,,,chris_gatling,1991,2001,N,Y,Y,1991,1,16,N,423
761,Matt,Geiger,Matt Geiger,"Geiger, Matt",M. Geiger,matt-geiger,1969-09-10T00:00:00,Georgia Tech,USA,Georgia Tech/USA,,,10,,Center,Inactive,N,0,,,,,matt_geiger,1992,2001,N,Y,Y,1992,2,42,N,761
1904,Devean,George,Devean George,"George, Devean",D. George,devean-george,1977-08-29T00:00:00,Augsburg,USA,Augsburg/USA,6-8,235,12,19,Forward,Inactive,N,1610612747,Lakers,LAL,lakers,Los Angeles,devean_george,1999,2009,N,Y,Y,1999,1,23,N,1904
2109,Eddie,Gill,Eddie Gill,"Gill, Eddie",E. Gill,eddie-gill,1978-08-16T00:00:00,Weber State,USA,Weber State/USA,6-0,190,8,,Guard,Inactive,N,0,,,,,eddie_gill,2000,2008,Y,Y,Y,Undrafted,Undrafted,Undrafted,N,2109
1901,Dion,Glover,Dion Glover,"Glover, Dion",D. Glover,dion-glover,1978-10-22T00:00:00,Georgia Tech,USA,Georgia Tech/USA,6-5,225,6,,Forward-Guard,Inactive,N,0,,,,,dion_glover,1999,2004,N,Y,Y,1999,1,20,N,1901
924,Anthony,Goldwire,Anthony Goldwire,"Goldwire, Anthony",A. Goldwire,anthony-goldwire,1971-09-06T00:00:00,Houston,USA,Houston/USA,6-2,182,8,,Guard,Inactive,N,0,,,,,anthony_goldwire,1995,2005,N,Y,Y,1994,2,52,N,924
1864,Steve,Goodrich,Steve Goodrich,"Goodrich, Steve",S. Goodrich,steve-goodrich,1976-03-18T00:00:00,Princeton,USA,Princeton/USA,6-10,220,3,30,Center,Inactive,N,1610612741,Bulls,CHI,bulls,Chicago,steve_goodrich,2000,2002,N,Y,Y,Undrafted,Undrafted,Undrafted,N,1864
258,Brian,Grant,Brian Grant,"Grant, Brian",B. Grant,brian-grant,1972-03-05T00:00:00,Xavier,USA,Xavier/USA,6-9,254,13,55,Forward-Center,Inactive,N,1610612748,Heat,MIA,heat,Miami,brian_grant,1994,2005,N,Y,Y,1994,1,8,N,258
270,Horace,Grant,Horace Grant,"Grant, Horace",H. Grant,horace-grant,1965-07-04T00:00:00,Clemson,USA,Clemson/USA,6-10,245,18,54,Center,Inactive,N,1610612741,Bulls,CHI,bulls,Chicago,horace_grant,1987,2003,N,Y,Y,1987,1,10,N,270
920,A.C.,Green,A.C. Green,"Green, A.C.",A. Green,ac-green,1963-10-04T00:00:00,Oregon State,USA,Oregon State/USA,6-9,225,16,45,Forward,Inactive,N,1610612747,Lakers,LAL,lakers,Los Angeles,a.c._green,1985,2000,N,Y,Y,1985,1,23,N,920
1559,Adrian,Griffin,Adrian Griffin,"Griffin, Adrian",A. Griffin,adrian-griffin,1974-07-04T00:00:00,Seton Hall,USA,Seton Hall/USA,6-5,230,10,44,Guard-Forward,Inactive,N,1610612742,Mavericks,DAL,mavericks,Dallas,adrian_griffin,1999,2007,N,Y,Y,Undrafted,Undrafted,Undrafted,N,1559
339,Tom,Gugliotta,Tom Gugliotta,"Gugliotta, Tom",T. Gugliotta,tom-gugliotta,1969-12-19T00:00:00,North Carolina State,USA,North Carolina State/USA,6-10,250,14,7,Forward,Inactive,N,1610612756,Suns,PHX,suns,Phoenix,tom_gugliotta,1992,2004,N,Y,Y,1992,1,6,N,339
2062,A.J.,Guyton,A.J. Guyton,"Guyton, A.J.",A. Guyton,aj-guyton,1978-02-12T00:00:00,Indiana,USA,Indiana/USA,6-2,185,4,11,Guard,Inactive,N,1610612741,Bulls,CHI,bulls,Chicago,a.j._guyton,2000,2002,N,Y,Y,2000,2,32,N,2062
1032,Darvin,Ham,Darvin Ham,"Ham, Darvin",D. Ham,darvin-ham,1973-07-23T00:00:00,Texas Tech,USA,Texas Tech/USA,6-7,240,9,8,Forward-Guard,Inactive,N,1610612749,Bucks,MIL,bucks,Milwaukee,darvin_ham,1996,2004,Y,Y,Y,Undrafted,Undrafted,Undrafted,N,1032
1888,Richard,Hamilton,Richard Hamilton,"Hamilton, Richard",R. Hamilton,richard-hamilton,1978-02-14T00:00:00,Connecticut,USA,Connecticut/USA,6-7,193,15,32,Guard,Inactive,N,1610612765,Pistons,DET,pistons,Detroit,richard_hamilton,1999,2012,N,Y,Y,1999,1,7,N,1888
1985,Zendon,Hamilton,Zendon Hamilton,"Hamilton, Zendon",Z. Hamilton,zendon-hamilton,1975-04-29T00:00:00,St. John's (NY),USA,St. John's (NY)/USA,6-11,254,6,,Forward-Center,Inactive,N,0,,,,,zendon_hamilton,2000,2005,Y,Y,Y,Undrafted,Undrafted,Undrafted,N,1985
896,Tim,Hardaway,Tim Hardaway,"Hardaway, Tim",T. Hardaway,tim-hardaway,1966-09-01T00:00:00,Texas-El Paso,USA,Texas-El Paso/USA,6-0,195,14,10,Guard,Inactive,N,0,,,,,tim_hardaway,1989,2002,N,Y,Y,1989,1,14,N,896
166,Ron,Harper,Ron Harper,"Harper, Ron",R. Harper,ron-harper,1964-01-20T00:00:00,Miami (Ohio),USA,Miami (Ohio)/USA,6-6,215,15,4,Guard,Inactive,N,1610612741,Bulls,CHI,bulls,Chicago,ron_harper,1986,2000,N,Y,Y,1986,1,8,N,166
1723,Matt,Harpring,Matt Harpring,"Harpring, Matt",M. Harpring,matt-harpring,1976-05-31T00:00:00,Georgia Tech,USA,Georgia Tech/USA,6-7,230,12,15,Forward,Inactive,N,1610612762,Jazz,UTA,jazz,Utah,matt_harpring,1998,2008,N,Y,Y,1998,1,15,N,1723
1733,Al,Harrington,Al Harrington,"Harrington, Al",A. Harrington,al-harrington,1980-02-17T00:00:00,St. Patrick HS (NJ),USA,St. Patrick HS (NJ)/USA,6-9,245,16,7,Forward,Inactive,N,1610612754,Pacers,IND,pacers,Indiana,al_harrington,1998,2013,N,Y,Y,1998,1,25,N,1733
970,Othella,Harrington,Othella Harrington,"Harrington, Othella",O. Harrington,othella-harrington,1974-01-31T00:00:00,Georgetown,USA,Georgetown/USA,6-9,235,13,24,Forward-Center,Inactive,N,1610612752,Knicks,NYK,knicks,New York,othella_harrington,1996,2007,Y,Y,Y,1996,2,30,N,970
446,Lucious,Harris,Lucious Harris,"Harris, Lucious",L. Harris,lucious-harris,1970-12-18T00:00:00,Long Beach State,USA,Long Beach State/USA,6-5,205,12,,Guard,Inactive,N,0,,,,,lucious_harris,1993,2004,N,Y,Y,1993,2,28,N,446
176,Antonio,Harvey,Antonio Harvey,"Harvey, Antonio",A. Harvey,antonio-harvey,1970-07-06T00:00:00,Pfeiffer,USA,Pfeiffer/USA,6-11,250,8,4,Forward-Center,Inactive,N,1610612747,Lakers,LAL,lakers,Los Angeles,antonio_harvey,1993,2002,N,Y,Y,Undrafted,Undrafted,Undrafted,N,176
2051,Donnell,Harvey,Donnell Harvey,"Harvey, Donnell",D. Harvey,donnell-harvey,1980-08-26T00:00:00,Florida,USA,Florida/USA,6-8,220,6,,Forward,Inactive,N,0,,,,,donnell_harvey,2000,2004,N,Y,Y,2000,1,22,N,2051
765,Hersey,Hawkins,Hersey Hawkins,"Hawkins, Hersey",H. Hawkins,hersey-hawkins,1966-09-29T00:00:00,Bradley,USA,Bradley/USA,6-3,200,13,33,Guard,Inactive,N,1610612755,76ers,PHI,sixers,Philadelphia,hersey_hawkins,1988,2000,N,Y,Y,1988,1,6,N,765
673,Alan,Henderson,Alan Henderson,"Henderson, Alan",A. Henderson,alan-henderson,1972-12-02T00:00:00,Indiana,USA,Indiana/USA,6-9,240,13,44,Forward-Center,Inactive,N,1610612737,Hawks,ATL,hawks,Atlanta,alan_henderson,1995,2006,N,Y,Y,1995,1,16,N,673
1914,Chris,Herren,Chris Herren,"Herren, Chris",C. Herren,chris-herren,1975-09-27T00:00:00,Fresno State,USA,Fresno State/USA,6-2,190,2,12,Guard,Inactive,N,1610612743,Nuggets,DEN,nuggets,Denver,chris_herren,1999,2000,N,Y,Y,1999,2,33,N,1914
238,Tyrone,Hill,Tyrone Hill,"Hill, Tyrone",T. Hill,tyrone-hill,1968-03-19T00:00:00,Xavier,USA,Xavier/USA,6-9,250,14,,Forward,Inactive,N,0,,,,,tyrone_hill,1990,2003,N,Y,Y,1990,1,11,N,238
697,Fred,Hoiberg,Fred Hoiberg,"Hoiberg, Fred",F. Hoiberg,fred-hoiberg,1972-10-15T00:00:00,Iowa State,USA,Iowa State/USA,6-5,210,11,32,Guard,Inactive,N,1610612741,Bulls,CHI,bulls,Chicago,fred_hoiberg,1995,2004,N,Y,Y,1995,2,52,N,697
109,Robert,Horry,Robert Horry,"Horry, Robert",R. Horry,robert-horry,1970-08-25T00:00:00,Alabama,USA,Alabama/USA,6-10,240,17,25,Forward-Center,Inactive,N,1610612747,Lakers,LAL,lakers,Los Angeles,robert_horry,1992,2007,N,Y,Y,1992,1,11,N,109
2067,Eddie,House,Eddie House,"House, Eddie",E. House,eddie-house,1978-05-14T00:00:00,Arizona State,USA,Arizona State/USA,6-1,190,12,55,Guard,Inactive,N,1610612748,Heat,MIA,heat,Miami,eddie_house,2000,2010,N,Y,Y,2000,2,37,N,2067
275,Allan,Houston,Allan Houston,"Houston, Allan",A. Houston,allan-houston,1971-04-20T00:00:00,Tennessee,USA,Tennessee/USA,6-6,205,13,,Guard,Inactive,N,0,,,,,allan_houston,1993,2004,N,Y,Y,1993,1,11,N,275
436,Juwan,Howard,Juwan Howard,"Howard, Juwan",J. Howard,juwan-howard,1973-02-07T00:00:00,Michigan,USA,Michigan/USA,6-9,250,20,5,Forward,Inactive,N,1610612764,Wizards,WAS,wizards,Washington,juwan_howard,1994,2012,N,Y,Y,1994,1,5,N,436
1607,Troy,Hudson,Troy Hudson,"Hudson, Troy",T. Hudson,troy-hudson,1976-03-13T00:00:00,Southern Illinois,USA,Southern Illinois/USA,6-1,178,11,,Guard,Inactive,N,0,,,,,troy_hudson,1997,2007,Y,Y,Y,Undrafted,Undrafted,Undrafted,N,1607
1716,Larry,Hughes,Larry Hughes,"Hughes, Larry",L. Hughes,larry-hughes,1979-01-23T00:00:00,St. Louis,USA,St. Louis/USA,6-5,185,13,,Guard,Inactive,N,0,,,,,larry_hughes,1998,2011,N,Y,Y,1998,1,8,N,1716
283,Lindsey,Hunter,Lindsey Hunter,"Hunter, Lindsey",L. Hunter,lindsey-hunter,1970-12-03T00:00:00,Jackson State,USA,Jackson State/USA,6-2,195,17,,Guard,Inactive,N,0,,,,,lindsey_hunter,1993,2009,N,Y,Y,1993,1,10,N,283
947,Allen,Iverson,Allen Iverson,"Iverson, Allen",A. Iverson,allen-iverson,1975-06-07T00:00:00,Georgetown,USA,Georgetown/USA,6-0,165,15,3,Guard,Inactive,N,1610612755,76ers,PHI,sixers,Philadelphia,allen_iverson,1996,2009,N,Y,Y,1996,1,1,Y,947
1517,Bobby,Jackson,Bobby Jackson,"Jackson, Bobby",B. Jackson,bobby-jackson,1973-03-13T00:00:00,Minnesota,USA,Minnesota/USA,6-1,185,13,24,Guard,Inactive,N,1610612758,Kings,SAC,kings,Sacramento,bobby_jackson,1997,2008,N,Y,Y,1997,1,23,N,1517
754,Jim,Jackson,Jim Jackson,"Jackson, Jim",J. Jackson,jim-jackson,1970-10-14T00:00:00,Ohio State,USA,Ohio State/USA,6-6,220,14,24,Forward-Guard,Inactive,N,1610612742,Mavericks,DAL,mavericks,Dallas,jim_jackson,1992,2005,N,Y,Y,1992,1,4,N,754
1531,Marc,Jackson,Marc Jackson,"Jackson, Marc",M. Jackson,marc-jackson,1975-01-16T00:00:00,Temple,USA,Temple/USA,6-10,253,8,44,Forward,Inactive,N,1610612755,76ers,PHI,sixers,Philadelphia,marc_jackson,2000,2006,N,Y,Y,1997,2,37,N,1531
349,Mark,Jackson,Mark Jackson,"Jackson, Mark",M. Jackson,mark-jackson,1965-04-01T00:00:00,St. John's (NY),USA,St. John's (NY)/USA,6-3,195,18,31,Guard,Inactive,N,1610612752,Knicks,NYK,knicks,New York,mark_jackson,1987,2003,N,Y,Y,1987,1,18,N,349
1536,Stephen,Jackson,Stephen Jackson,"Jackson, Stephen",S. Jackson,stephen-jackson,1978-04-05T00:00:00,Butler C.C. (KS),USA,Butler C.C. (KS)/USA,6-8,220,14,,Guard-Forward,Inactive,N,0,,,,,stephen_jackson,2000,2013,N,Y,Y,1997,2,42,N,1536
1712,Antawn,Jamison,Antawn Jamison,"Jamison, Antawn",A. Jamison,antawn-jamison,1976-06-12T00:00:00,North Carolina,USA,North Carolina/USA,6-9,235,16,,Forward,Inactive,N,0,,,,,antawn_jamison,1998,2013,N,Y,Y,1998,1,4,N,1712
1533,Anthony,Johnson,Anthony Johnson,"Johnson, Anthony",A. Johnson,anthony-johnson,1974-10-02T00:00:00,College of Charleston,USA,College of Charleston/USA,6-3,195,14,8,Guard,Inactive,N,1610612754,Pacers,IND,pacers,Indiana,anthony_johnson,1997,2009,N,Y,Y,1997,2,39,N,1533
422,Avery,Johnson,Avery Johnson,"Johnson, Avery",A. Johnson,avery-johnson,1965-03-25T00:00:00,Southern,USA,Southern/USA,5-11,185,17,6,Guard,Inactive,N,1610612759,Spurs,SAS,spurs,San Antonio,avery_johnson,1988,2003,N,Y,Y,Undrafted,Undrafted,Undrafted,N,422
2035,DerMarr,Johnson,DerMarr Johnson,"Johnson, DerMarr",D. Johnson,dermarr-johnson,1980-05-05T00:00:00,Cincinnati,USA,Cincinnati/USA,6-9,210,8,1,Forward-Guard,Inactive,N,1610612743,Nuggets,DEN,nuggets,Denver,dermarr_johnson,2000,2007,Y,Y,Y,2000,1,6,N,2035
911,Ervin,Johnson,Ervin Johnson,"Johnson, Ervin",E. Johnson,ervin-johnson,1967-12-21T00:00:00,New Orleans,USA,New Orleans/USA,6-11,245,13,40,Center,Inactive,N,1610612749,Bucks,MIL,bucks,Milwaukee,ervin_johnson,1993,2005,N,Y,Y,1993,1,23,N,911
913,Larry,Johnson,Larry Johnson,"Johnson, Larry",L. Johnson,larry-johnson,1969-03-14T00:00:00,UNLV,USA,UNLV/USA,6-7,235,10,2,Forward,Inactive,N,1610612766,Hornets,CHH,hornets,Charlotte,larry_johnson,1991,2000,N,Y,Y,1991,1,1,N,913
1800,Damon,Jones,Damon Jones,"Jones, Damon",D. Jones,damon-jones,1976-08-25T00:00:00,Houston,USA,Houston/USA,6-3,195,12,19,Guard,Inactive,N,1610612739,Cavaliers,CLE,cavaliers,Cleveland,damon_jones,1998,2008,Y,Y,Y,Undrafted,Undrafted,Undrafted,N,1800
224,Eddie,Jones,Eddie Jones,"Jones, Eddie",E. Jones,eddie-jones,1971-10-20T00:00:00,Temple,USA,Temple/USA,6-6,200,15,6,Guard-Forward,Inactive,N,1610612748,Heat,MIA,heat,Miami,eddie_jones,1994,2007,N,Y,Y,1994,1,10,N,224
1908,Jumaine,Jones,Jumaine Jones,"Jones, Jumaine",J. Jones,jumaine-jones,1979-02-10T00:00:00,Georgia,USA,Georgia/USA,6-8,230,9,20,Forward,Inactive,N,1610612739,Cavaliers,CLE,cavaliers,Cleveland,jumaine_jones,1999,2006,N,Y,Y,1999,1,27,N,1908
461,Popeye,Jones,Popeye Jones,"Jones, Popeye",P. Jones,popeye-jones,1970-06-17T00:00:00,Murray State,USA,Murray State/USA,6-8,265,12,54,Forward,Inactive,N,1610612742,Mavericks,DAL,mavericks,Dallas,popeye_jones,1993,2003,N,Y,Y,1992,2,41,N,461
228,Adam,Keefe,Adam Keefe,"Keefe, Adam",A. Keefe,adam-keefe,1970-02-22T00:00:00,Stanford,USA,Stanford/USA,6-9,230,9,32,Forward,Inactive,N,1610612762,Jazz,UTA,jazz,Utah,adam_keefe,1992,2000,N,Y,Y,1992,1,10,N,228
70,Steve,Kerr,Steve Kerr,"Kerr, Steve",S. Kerr,steve-kerr,1965-09-27T00:00:00,Arizona,USA,Arizona/USA,6-1,180,16,25,Guard,Inactive,N,1610612741,Bulls,CHI,bulls,Chicago,steve_kerr,1988,2002,N,Y,Y,1988,2,50,N,70
467,Jason,Kidd,Jason Kidd,"Kidd, Jason",J. Kidd,jason-kidd,1973-03-23T00:00:00,California,USA,California/USA,6-4,210,19,5,Guard,Inactive,N,1610612751,Nets,NJN,nets,New Jersey,jason_kidd,1994,2012,N,Y,Y,1994,1,2,Y,467
1510,Brevin,Knight,Brevin Knight,"Knight, Brevin",B. Knight,brevin-knight,1975-11-08T00:00:00,Stanford,USA,Stanford/USA,5-10,166,13,2,Guard,Inactive,N,1610612739,Cavaliers,CLE,cavaliers,Cleveland,brevin_knight,1997,2008,N,Y,Y,1997,1,16,N,1510
969,Travis,Knight,Travis Knight,"Knight, Travis",T. Knight,travis-knight,1974-09-13T00:00:00,Connecticut,USA,Connecticut/USA,7-0,235,8,44,Center,Inactive,N,1610612747,Lakers,LAL,lakers,Los Angeles,travis_knight,1996,2002,N,Y,Y,1996,1,29,N,969
389,Toni,Kukoc,Toni Kukoc,"Kukoc, Toni",T. Kukoc,toni-kukoc,1968-09-18T00:00:00,Benetton Treviso,Croatia,Benetton Treviso/Croatia,6-11,235,13,7,Forward,Inactive,N,1610612741,Bulls,CHI,bulls,Chicago,toni_kukoc,1993,2005,N,Y,Y,1990,2,29,N,389
1711,Raef,LaFrentz,Raef LaFrentz,"LaFrentz, Raef",R. LaFrentz,raef-lafrentz,1976-05-29T00:00:00,Kansas,USA,Kansas/USA,6-11,240,11,9,Center-Forward,Inactive,N,1610612743,Nuggets,DEN,nuggets,Denver,raef_lafrentz,1998,2008,N,Y,Y,1998,1,3,N,1711
363,Christian,Laettner,Christian Laettner,"Laettner, Christian",C. Laettner,christian-laettner,1969-08-17T00:00:00,Duke,USA,Duke/USA,6-11,245,14,44,Forward-Center,Inactive,N,1610612750,Timberwolves,MIN,timberwolves,Minnesota,christian_laettner,1992,2004,N,Y,Y,1992,1,3,N,363
1892,Trajan,Langdon,Trajan Langdon,"Langdon, Trajan",T. Langdon,trajan-langdon,1976-05-13T00:00:00,Duke,USA,Duke/USA,,,4,,,Inactive,N,0,,,,,trajan_langdon,1999,2008,N,Y,Y,1999,1,11,N,1892
2061,Dan,Langhi,Dan Langhi,"Langhi, Dan",D. Langhi,dan-langhi,1977-11-28T00:00:00,Vanderbilt,USA,Vanderbilt/USA,6-11,220,4,,Forward,Inactive,N,0,,,,,dan_langhi,2000,2003,N,Y,Y,2000,2,31,N,2061
702,Voshon,Lenard,Voshon Lenard,"Lenard, Voshon",V. Lenard,voshon-lenard,1973-05-14T00:00:00,Minnesota,USA,Minnesota/USA,6-4,215,11,0,Guard,Inactive,N,1610612748,Heat,MIA,heat,Miami,voshon_lenard,1995,2005,N,Y,Y,1994,2,46,N,702
1740,Rashard,Lewis,Rashard Lewis,"Lewis, Rashard",R. Lewis,rashard-lewis,1979-08-08T00:00:00,Elsik HS (TX),USA,Elsik HS (TX)/USA,6-10,235,16,9,Forward,Inactive,N,1610612760,SuperSonics,SEA,thunder,Seattle,rashard_lewis,1998,2013,N,Y,Y,1998,2,32,N,1740
3,Grant,Long,Grant Long,"Long, Grant",G. Long,grant-long,1966-03-12T00:00:00,Eastern Michigan,USA,Eastern Michigan/USA,6-9,240,16,,Forward,Inactive,N,0,,,,,grant_long,1988,2002,N,Y,Y,1988,2,33,N,3
1732,Felipe,Lopez,Felipe Lopez,"Lopez, Felipe",F. Lopez,felipe-lopez,1974-12-19T00:00:00,St. John's (NY),Dominican Republic,St. John's (NY)/Dominican Republic,6-5,195,5,13,Guard-Forward,Inactive,N,1610612763,Grizzlies,VAN,grizzlies,Vancouver,felipe_lopez,1998,2002,N,Y,Y,1998,1,24,N,1732
1731,Tyronn,Lue,Tyronn Lue,"Lue, Tyronn",T. Lue,tyronn-lue,1977-05-03T00:00:00,Nebraska,USA,Nebraska/USA,6-0,175,12,10,Guard,Inactive,N,1610612737,Hawks,ATL,hawks,Atlanta,tyronn_lue,1998,2008,N,Y,Y,1998,1,23,N,1731
248,George,Lynch,George Lynch,"Lynch, George",G. Lynch,george-lynch,1970-09-03T00:00:00,North Carolina,USA,North Carolina/USA,6-8,235,13,9,Forward,Inactive,N,1610612740,Hornets,NOH,pelicans,New Orleans,george_lynch,1993,2004,N,Y,Y,1993,1,12,N,248
1928,Todd,MacCulloch,Todd MacCulloch,"MacCulloch, Todd",T. MacCulloch,todd-macculloch,1976-01-27T00:00:00,Washington,Canada,Washington/Canada,7-0,280,5,11,Center,Inactive,N,1610612755,76ers,PHI,sixers,Philadelphia,todd_macculloch,1999,2003,N,Y,Y,1999,2,47,N,1928
2058,Mark,Madsen,Mark Madsen,"Madsen, Mark",M. Madsen,mark-madsen,1976-01-28T00:00:00,Stanford,USA,Stanford/USA,6-9,255,10,35,Forward,Inactive,N,1610612750,Timberwolves,MIN,timberwolves,Minnesota,mark_madsen,2000,2008,N,Y,Y,2000,1,29,N,2058
2048,Jamaal,Magloire,Jamaal Magloire,"Magloire, Jamaal",J. Magloire,jamaal-magloire,1978-05-21T00:00:00,Kentucky,Canada,Kentucky/Canada,6-11,265,13,21,Center,Inactive,N,1610612740,Hornets,NOH,pelicans,New Orleans,jamaal_magloire,2000,2011,N,Y,Y,2000,1,19,N,2048
105,Dan,Majerle,Dan Majerle,"Majerle, Dan",D. Majerle,dan-majerle,1965-09-09T00:00:00,Central Michigan,USA,Central Michigan/USA,6-6,222,14,9,Guard-Forward,Inactive,N,1610612756,Suns,PHX,suns,Phoenix,dan_majerle,1988,2001,N,Y,Y,1988,1,14,N,105
252,Karl,Malone,Karl Malone,"Malone, Karl",K. Malone,karl-malone,1963-07-24T00:00:00,Louisiana Tech,USA,Louisiana Tech/USA,6-9,259,20,32,Forward,Inactive,N,1610612762,Jazz,UTA,jazz,Utah,karl_malone,1985,2003,N,Y,Y,1985,1,13,Y,252
1074,Matt,Maloney,Matt Maloney,"Maloney, Matt",M. Maloney,matt-maloney,1971-12-06T00:00:00,Pennsylvania,USA,Pennsylvania/USA,,,6,,Guard,Inactive,N,0,,,,,matt_maloney,1996,2002,N,Y,Y,Undrafted,Undrafted,Undrafted,N,1074
330,Danny,Manning,Danny Manning,"Manning, Danny",D. Manning,danny-manning,1966-05-17T00:00:00,Kansas,USA,Kansas/USA,6-10,234,16,,Forward-Center,Inactive,N,0,,,,,danny_manning,1988,2002,N,Y,Y,1988,1,1,N,330
1890,Shawn,Marion,Shawn Marion,"Marion, Shawn",S. Marion,shawn-marion,1978-05-07T00:00:00,UNLV,USA,UNLV/USA,6-7,228,16,31,Guard-Forward,Inactive,N,1610612756,Suns,PHX,suns,Phoenix,shawn_marion,1999,2014,N,Y,Y,1999,1,9,N,1890
923,Donyell,Marshall,Donyell Marshall,"Marshall, Donyell",D. Marshall,donyell-marshall,1973-05-18T00:00:00,Connecticut,USA,Connecticut/USA,6-9,245,16,8,Forward,Inactive,N,1610612744,Warriors,GSW,warriors,Golden State,donyell_marshall,1994,2008,N,Y,Y,1994,1,4,N,923
239,Darrick,Martin,Darrick Martin,"Martin, Darrick",D. Martin,darrick-martin,1971-03-06T00:00:00,UCLA,USA,UCLA/USA,5-11,170,13,,Guard,Inactive,N,0,,,,,darrick_martin,1994,2007,N,Y,Y,Undrafted,Undrafted,Undrafted,N,239
469,Jamal,Mashburn,Jamal Mashburn,"Mashburn, Jamal",J. Mashburn,jamal-mashburn,1972-11-29T00:00:00,Kentucky,USA,Kentucky/USA,6-8,247,12,24,Forward,Inactive,N,1610612742,Mavericks,DAL,mavericks,Dallas,jamal_mashburn,1993,2003,N,Y,Y,1993,1,4,N,469
193,Anthony,Mason,Anthony Mason,"Mason, Anthony",A. Mason,anthony-mason,1966-12-14T00:00:00,Tennessee State,USA,Tennessee State/USA,6-8,255,14,17,Forward,Inactive,N,1610612752,Knicks,NYK,knicks,New York,anthony_mason,1989,2002,N,Y,Y,1988,3,53,N,193
2046,Desmond,Mason,Desmond Mason,"Mason, Desmond",D. Mason,desmond-mason,1977-10-11T00:00:00,Oklahoma State,USA,Oklahoma State/USA,6-5,222,10,,Guard,Inactive,N,0,,,,,desmond_mason,2000,2009,N,Y,Y,2000,1,17,N,2046
763,Tony,Massenburg,Tony Massenburg,"Massenburg, Tony",T. Massenburg,tony-massenburg,1967-07-31T00:00:00,Maryland,USA,Maryland/USA,6-9,250,14,34,Forward-Center,Inactive,N,1610612763,Grizzlies,MEM,grizzlies,Memphis,tony_massenburg,1990,2004,N,Y,Y,1990,2,43,N,763
137,Vernon,Maxwell,Vernon Maxwell,"Maxwell, Vernon",V. Maxwell,vernon-maxwell,1965-09-12T00:00:00,Florida,USA,Florida/USA,6-4,190,13,3,Guard,Inactive,N,1610612745,Rockets,HOU,rockets,Houston,vernon_maxwell,1988,2000,N,Y,Y,1988,2,47,N,137
962,Walter,McCarty,Walter McCarty,"McCarty, Walter",W. McCarty,walter-mccarty,1974-02-01T00:00:00,Kentucky,USA,Kentucky/USA,6-10,245,10,0,Forward,Inactive,N,1610612738,Celtics,BOS,celtics,Boston,walter_mccarty,1996,2005,N,Y,Y,1996,1,19,N,962
2082,Dan,McClintock,Dan McClintock,"McClintock, Dan",D. McClintock,dan-mcclintock,1977-04-19T00:00:00,Northern Arizona,USA,Northern Arizona/USA,7-0,270,1,50,Center,Inactive,N,1610612743,Nuggets,DEN,nuggets,Denver,dan_mcclintock,2000,2000,N,Y,Y,2000,2,53,N,2082
45,George,McCloud,George McCloud,"McCloud, George",G. McCloud,george-mccloud,1967-05-27T00:00:00,Florida State,USA,Florida State/USA,6-8,230,13,21,Forward,Inactive,N,1610612754,Pacers,IND,pacers,Indiana,george_mccloud,1989,2002,N,Y,Y,1989,1,7,N,45
686,Antonio,McDyess,Antonio McDyess,"McDyess, Antonio",A. McDyess,antonio-mcdyess,1974-09-07T00:00:00,Alabama,USA,Alabama/USA,6-9,245,16,34,Forward-Center,Inactive,N,1610612765,Pistons,DET,pistons,Detroit,antonio_mcdyess,1995,2010,N,Y,Y,1995,1,2,N,686
1503,Tracy,McGrady,Tracy McGrady,"McGrady, Tracy",T. McGrady,tracy-mcgrady,1979-05-24T00:00:00,Mount Zion Christian Academy (NC),USA,Mount Zion Christian Academy (NC)/USA,6-8,225,17,1,Guard-Forward,Inactive,N,1610612745,Rockets,HOU,rockets,Houston,tracy_mcgrady,1997,2012,N,Y,Y,1997,1,9,N,1503
976,Jeff,McInnis,Jeff McInnis,"McInnis, Jeff",J. McInnis,jeff-mcinnis,1974-10-22T00:00:00,North Carolina,USA,North Carolina/USA,6-4,190,11,,Guard,Inactive,N,0,,,,,jeff_mcinnis,1996,2007,N,Y,Y,1996,2,37,N,976
365,Derrick,McKey,Derrick McKey,"McKey, Derrick",D. McKey,derrick-mckey,1966-10-10T00:00:00,Alabama,USA,Alabama/USA,6-10,241,15,9,Forward,Inactive,N,1610612754,Pacers,IND,pacers,Indiana,derrick_mckey,1987,2001,N,Y,Y,1987,1,9,N,365
243,Aaron,McKie,Aaron McKie,"McKie, Aaron",A. McKie,aaron-mckie,1972-10-02T00:00:00,Temple,USA,Temple/USA,6-5,209,14,2,Guard,Inactive,N,1610612755,76ers,PHI,sixers,Philadelphia,aaron_mckie,1994,2006,N,Y,Y,1994,1,17,N,243
2101,Paul,McPherson,Paul McPherson,"McPherson, Paul",P. McPherson,paul-mcpherson,1978-07-03T00:00:00,DePaul,USA,DePaul/USA,6-4,210,1,23,Guard,Inactive,N,1610612756,Suns,PHX,suns,Phoenix,paul_mcpherson,2000,2000,N,Y,Y,Undrafted,Undrafted,Undrafted,N,2101
1500,Ron,Mercer,Ron Mercer,"Mercer, Ron",R. Mercer,ron-mercer,1976-05-18T00:00:00,Kentucky,USA,Kentucky/USA,6-7,215,9,,Guard-Forward,Inactive,N,0,,,,,ron_mercer,1997,2004,N,Y,Y,1997,1,6,N,1500
2036,Chris,Mihm,Chris Mihm,"Mihm, Chris",C. Mihm,chris-mihm,1979-07-16T00:00:00,Texas,USA,Texas/USA,7-0,265,9,4,Center,Inactive,N,1610612739,Cavaliers,CLE,cavaliers,Cleveland,chris_mihm,2000,2008,N,Y,Y,2000,1,7,N,2036
2032,Darius,Miles,Darius Miles,"Miles, Darius",D. Miles,darius-miles,1981-10-09T00:00:00,No College,USA,East St. Louis HS (IL)/USA,6-9,235,8,3,Forward,Inactive,N,1610612746,Clippers,LAC,clippers,Los Angeles,darius_miles,2000,2008,N,Y,Y,2000,1,3,N,2032
1889,Andre,Miller,Andre Miller,"Miller, Andre",A. Miller,andre-miller,1976-03-19T00:00:00,Utah,USA,Utah/USA,6-3,200,18,24,Guard,Inactive,N,1610612743,Nuggets,DEN,nuggets,Denver,andre_miller,1999,2015,N,Y,Y,1999,1,8,N,1889
1802,Brad,Miller,Brad Miller,"Miller, Brad",B. Miller,brad-miller,1976-04-12T00:00:00,Purdue,USA,Purdue/USA,7-0,261,15,52,Center-Forward,Inactive,N,1610612758,Kings,SAC,kings,Sacramento,brad_miller,1998,2011,N,Y,Y,Undrafted,Undrafted,Undrafted,N,1802
2034,Mike,Miller,Mike Miller,"Miller, Mike",M. Miller,mike-miller,1980-02-19T00:00:00,Florida,USA,Florida/USA,6-8,218,18,3,Guard-Forward,Inactive,N,1610612763,Grizzlies,MEM,grizzlies,Memphis,mike_miller,2000,2016,N,Y,Y,2000,1,5,N,2034
397,Reggie,Miller,Reggie Miller,"Miller, Reggie",R. Miller,reggie-miller,1965-08-24T00:00:00,UCLA,USA,UCLA/USA,6-7,195,19,31,Guard,Inactive,N,1610612754,Pacers,IND,pacers,Indiana,reggie_miller,1987,2004,N,Y,Y,1987,1,11,Y,397
417,Sam,Mitchell,Sam Mitchell,"Mitchell, Sam",S. Mitchell,sam-mitchell,1963-09-02T00:00:00,Mercer,USA,Mercer/USA,6-7,215,13,42,Forward,Inactive,N,1610612750,Timberwolves,MIN,timberwolves,Minnesota,sam_mitchell,1989,2001,N,Y,Y,1985,3,54,N,417
1749,Cuttino,Mobley,Cuttino Mobley,"Mobley, Cuttino",C. Mobley,cuttino-mobley,1975-09-01T00:00:00,Rhode Island,USA,Rhode Island/USA,6-4,215,12,32,Guard,Inactive,N,1610612745,Rockets,HOU,rockets,Houston,cuttino_mobley,1998,2008,N,Y,Y,1998,2,41,N,1749
1737,Nazr,Mohammed,Nazr Mohammed,"Mohammed, Nazr",N. Mohammed,nazr-mohammed,1977-09-05T00:00:00,Kentucky,USA,Kentucky/USA,6-10,250,19,13,Center,Inactive,N,1610612766,Bobcats,CHA,hornets,Charlotte,nazr_mohammed,1998,2015,N,Y,Y,1998,1,29,N,1737
2040,Jerome,Moiso,Jerome Moiso,"Moiso, Jerome",J. Moiso,jerome-moiso,1978-06-15T00:00:00,UCLA,France,UCLA/France,6-10,260,5,,Forward,Inactive,N,0,,,,,jerome_moiso,2000,2004,N,Y,Y,2000,1,11,N,2040
376,Eric,Montross,Eric Montross,"Montross, Eric",E. Montross,eric-montross,1971-09-23T00:00:00,North Carolina,USA,North Carolina/USA,7-0,270,9,00,Center,Inactive,N,1610612765,Pistons,DET,pistons,Detroit,eric_montross,1994,2002,N,Y,Y,1994,1,9,N,376
1630,Mikki,Moore,Mikki Moore,"Moore, Mikki",M. Moore,mikki-moore,1975-11-04T00:00:00,Nebraska,USA,Nebraska/USA,7-0,225,14,31,Forward-Center,Inactive,N,1610612765,Pistons,DET,pistons,Detroit,mikki_moore,1998,2011,N,Y,Y,Undrafted,Undrafted,Undrafted,N,1630
2069,Hanno,Mottola,Hanno Mottola,"Mottola, Hanno",H. Mottola,hanno-mottola,1976-09-09T00:00:00,Utah,Finland,Utah/Finland,6-11,247,2,13,Center-Forward,Inactive,N,1610612737,Hawks,ATL,hawks,Atlanta,hanno_mottola,2000,2001,N,Y,Y,2000,2,40,N,2069
297,Alonzo,Mourning,Alonzo Mourning,"Mourning, Alonzo",A. Mourning,alonzo-mourning,1970-02-08T00:00:00,Georgetown,USA,Georgetown/USA,6-10,261,16,33,Center,Inactive,N,1610612748,Heat,MIA,heat,Miami,alonzo_mourning,1992,2007,N,Y,Y,1992,1,2,N,297
441,Lamond,Murray,Lamond Murray,"Murray, Lamond",L. Murray,lamond-murray,1973-04-20T00:00:00,California,USA,California/USA,6-7,235,11,31,Forward,Inactive,N,1610612746,Clippers,LAC,clippers,Los Angeles,lamond_murray,1994,2005,N,Y,Y,1994,1,7,N,441
145,Tracy,Murray,Tracy Murray,"Murray, Tracy",T. Murray,tracy-murray,1971-07-25T00:00:00,UCLA,USA,UCLA/USA,6-7,230,13,,Forward,Inactive,N,0,,,,,tracy_murray,1992,2003,N,Y,Y,1992,1,18,N,145
87,Dikembe,Mutombo,Dikembe Mutombo,"Mutombo, Dikembe",D. Mutombo,dikembe-mutombo,1966-06-25T00:00:00,Georgetown,Congo,Georgetown/Congo,7-2,260,19,55,Center,Inactive,N,1610612743,Nuggets,DEN,nuggets,Denver,dikembe_mutombo,1991,2008,N,Y,Y,1991,1,4,N,87
2059,Eduardo,Najera,Eduardo Najera,"Najera, Eduardo",E. Najera,eduardo-najera,1976-07-11T00:00:00,Oklahoma,Mexico,Oklahoma/Mexico,6-8,235,13,21,Forward,Inactive,N,1610612743,Nuggets,DEN,nuggets,Denver,eduardo_najera,2000,2011,N,Y,Y,2000,2,38,N,2059
959,Steve,Nash,Steve Nash,"Nash, Steve",S. Nash,steve-nash,1974-02-07T00:00:00,Santa Clara,Canada,Santa Clara/Canada,6-3,178,19,10,Guard,Inactive,N,1610612756,Suns,PHX,suns,Phoenix,steve_nash,1996,2013,N,Y,Y,1996,1,15,Y,959
1838,Tyrone,Nesby,Tyrone Nesby,"Nesby, Tyrone",T. Nesby,tyrone-nesby,1976-01-31T00:00:00,UNLV,USA,UNLV/USA,6-6,245,4,8,Forward-Guard,Inactive,N,1610612746,Clippers,LAC,clippers,Los Angeles,tyrone_nesby,1998,2001,N,Y,Y,Undrafted,Undrafted,Undrafted,N,1838
1725,Rasho,Nesterovic,Rasho Nesterovic,"Nesterovic, Rasho",R. Nesterovic,rasho-nesterovic,1976-05-30T00:00:00,Virtus Bologna,Slovenia,Virtus Bologna/Slovenia,7-0,255,13,12,Center,Inactive,N,1610612750,Timberwolves,MIN,timberwolves,Minnesota,rasho_nesterovic,1998,2009,N,Y,Y,1998,1,17,N,1725
271,Johnny,Newman,Johnny Newman,"Newman, Johnny",J. Newman,johnny-newman,1963-11-28T00:00:00,Richmond,USA,Richmond/USA,6-7,210,16,2,Forward,Inactive,N,1610612749,Bucks,MIL,bucks,Milwaukee,johnny_newman,1986,2001,N,Y,Y,1986,2,29,N,271
983,Moochie,Norris,Moochie Norris,"Norris, Moochie",M. Norris,moochie-norris,1973-07-27T00:00:00,West Florida,USA,West Florida/USA,6-1,185,9,25,Guard,Inactive,N,1610612745,Rockets,HOU,rockets,Houston,moochie_norris,1996,2005,N,Y,Y,1996,2,33,N,983
1717,Dirk,Nowitzki,Dirk Nowitzki,"Nowitzki, Dirk",D. Nowitzki,dirk-nowitzki,1978-06-19T00:00:00,DJK Wurzburg,Germany,DJK Wurzburg/Germany,7-0,245,22,41,Forward,Inactive,N,1610612742,Mavericks,DAL,mavericks,Dallas,dirk_nowitzki,1998,2018,N,Y,Y,1998,1,9,Y,1717
979,Jermaine,O'Neal,Jermaine O'Neal,"O'Neal, Jermaine",J. O'Neal,jermaine-oneal,1978-10-13T00:00:00,Eau Claire HS (SC),USA,Eau Claire HS (SC)/USA,6-11,255,18,7,Center-Forward,Inactive,N,1610612754,Pacers,IND,pacers,Indiana,jermaine_o'neal,1996,2013,N,Y,Y,1996,1,17,N,979
406,Shaquille,O'Neal,Shaquille O'Neal,"O'Neal, Shaquille",S. O'Neal,shaquille-oneal,1972-03-06T00:00:00,Louisiana State,USA,Louisiana State/USA,7-1,325,19,34,Center,Inactive,N,1610612747,Lakers,LAL,lakers,Los Angeles,shaquille_o'neal,1992,2010,N,Y,Y,1992,1,1,Y,406
891,Charles,Oakley,Charles Oakley,"Oakley, Charles",C. Oakley,charles-oakley,1963-12-18T00:00:00,Virginia Union,USA,Virginia Union/USA,6-9,245,19,33,Forward,Inactive,N,1610612752,Knicks,NYK,knicks,New York,charles_oakley,1985,2003,N,Y,Y,1985,1,9,N,891
1885,Lamar,Odom,Lamar Odom,"Odom, Lamar",L. Odom,lamar-odom,1979-11-06T00:00:00,Rhode Island,USA,Rhode Island/USA,6-10,230,15,,Forward,Inactive,N,1610612747,Lakers,LAL,lakers,Los Angeles,lamar_odom,1999,2013,N,Y,Y,1999,1,4,N,1885
165,Hakeem,Olajuwon,Hakeem Olajuwon,"Olajuwon, Hakeem",H. Olajuwon,hakeem-olajuwon,1963-01-21T00:00:00,Houston,Nigeria,Houston/Nigeria,7-0,255,19,34,Center,Inactive,N,1610612745,Rockets,HOU,rockets,Houston,hakeem_olajuwon,1984,2002,N,Y,Y,1984,1,1,Y,165
1563,Kevin,Ollie,Kevin Ollie,"Ollie, Kevin",K. Ollie,kevin-ollie,1972-12-27T00:00:00,Connecticut,USA,Connecticut/USA,6-2,195,14,7,Guard,Inactive,N,1610612755,76ers,PHI,sixers,Philadelphia,kevin_ollie,1997,2009,N,Y,Y,Undrafted,Undrafted,Undrafted,N,1563
1709,Michael,Olowokandi,Michael Olowokandi,"Olowokandi, Michael",M. Olowokandi,michael-olowokandi,1975-04-03T00:00:00,Pacific,Nigeria,Pacific/Nigeria,7-0,270,10,41,Center,Inactive,N,1610612746,Clippers,LAC,clippers,Los Angeles,michael_olowokandi,1998,2006,N,Y,Y,1998,1,1,N,1709
731,Greg,Ostertag,Greg Ostertag,"Ostertag, Greg",G. Ostertag,greg-ostertag,1973-03-06T00:00:00,Kansas,USA,Kansas/USA,7-2,280,11,,Center,Inactive,N,0,,,,,greg_ostertag,1995,2005,Y,Y,Y,1995,1,28,N,731
448,Bo,Outlaw,Bo Outlaw,"Outlaw, Bo",B. Outlaw,bo-outlaw,1971-04-13T00:00:00,Houston,USA,Houston/USA,6-8,220,15,,Forward,Inactive,N,0,,,,,bo_outlaw,1993,2007,N,Y,Y,Undrafted,Undrafted,Undrafted,N,448
77,Doug,Overton,Doug Overton,"Overton, Doug",D. Overton,doug-overton,1969-08-03T00:00:00,La Salle,USA,La Salle/USA,6-3,190,12,24,Guard,Inactive,N,1610612764,Bullets,WAS,wizards,Washington,doug_overton,1992,2003,N,Y,Y,1991,2,40,N,77
2071,Olumide,Oyedeji,Olumide Oyedeji,"Oyedeji, Olumide",O. Oyedeji,olumide-oyedeji,1981-05-11T00:00:00,DJK Wurzburg,Nigeria,DJK Wurzburg/Nigeria,,,4,,,Inactive,N,0,,,,,olumide_oyedeji,2000,2007,N,Y,Y,2000,2,42,N,2071
123,Robert,Pack,Robert Pack,"Pack, Robert",R. Pack,robert-pack,1969-02-03T00:00:00,Southern California,USA,Southern California/USA,6-2,190,13,,Guard,Inactive,N,0,,,,,robert_pack,1991,2003,N,Y,Y,Undrafted,Undrafted,Undrafted,N,123
1960,Milt,Palacio,Milt Palacio,"Palacio, Milt",M. Palacio,milt-palacio,1978-02-07T00:00:00,Colorado State,Belize,Colorado State/Belize,6-4,210,7,3,Guard,Inactive,N,1610612761,Raptors,TOR,raptors,Toronto,milt_palacio,1999,2005,N,Y,Y,Undrafted,Undrafted,Undrafted,N,1960
685,Cherokee,Parks,Cherokee Parks,"Parks, Cherokee",C. Parks,cherokee-parks,1972-10-11T00:00:00,Duke,USA,Duke/USA,6-11,240,9,,Forward-Center,Inactive,N,0,,,,,cherokee_parks,1995,2003,N,Y,Y,1995,1,12,N,685
1739,Ruben,Patterson,Ruben Patterson,"Patterson, Ruben",R. Patterson,ruben-patterson,1975-07-31T00:00:00,Cincinnati,USA,Cincinnati/USA,6-5,223,11,,Forward,Inactive,N,0,,,,,ruben_patterson,1998,2007,N,Y,Y,1998,2,31,N,1739
56,Gary,Payton,Gary Payton,"Payton, Gary",G. Payton,gary-payton,1968-07-23T00:00:00,Oregon State,USA,Oregon State/USA,6-4,190,18,20,Guard,Inactive,N,1610612760,SuperSonics,SEA,thunder,Seattle,gary_payton,1990,2006,N,Y,Y,1990,1,2,Y,56
324,Anthony,Peeler,Anthony Peeler,"Peeler, Anthony",A. Peeler,anthony-peeler,1969-11-25T00:00:00,Missouri,USA,Missouri/USA,6-4,208,14,8,Guard,Inactive,N,1610612750,Timberwolves,MIN,timberwolves,Minnesota,anthony_peeler,1992,2004,N,Y,Y,1992,1,15,N,324
781,Will,Perdue,Will Perdue,"Perdue, Will",W. Perdue,will-perdue,1965-08-29T00:00:00,Vanderbilt,USA,Vanderbilt/USA,7-0,240,13,55,Center,Inactive,N,1610612741,Bulls,CHI,bulls,Chicago,will_perdue,1988,2000,N,Y,Y,1988,1,11,N,781
64,Sam,Perkins,Sam Perkins,"Perkins, Sam",S. Perkins,sam-perkins,1961-06-14T00:00:00,North Carolina,USA,North Carolina/USA,6-9,260,17,14,Center-Forward,Inactive,N,1610612742,Mavericks,DAL,mavericks,Dallas,sam_perkins,1984,2000,N,Y,Y,1984,1,4,N,64
386,Elliot,Perry,Elliot Perry,"Perry, Elliot",E. Perry,elliot-perry,1969-03-28T00:00:00,Memphis,USA,Memphis/USA,,,10,,Guard,Inactive,N,0,,,,,elliot_perry,1991,2001,N,Y,Y,1991,2,37,N,386
445,Wesley,Person,Wesley Person,"Person, Wesley",W. Person,wesley-person,1971-03-28T00:00:00,Auburn,USA,Auburn/USA,6-6,200,12,10,Guard-Forward,Inactive,N,1610612739,Cavaliers,CLE,cavaliers,Cleveland,wesley_person,1994,2004,N,Y,Y,1994,1,23,N,445
2050,Morris,Peterson,Morris Peterson,"Peterson, Morris",M. Peterson,morris-peterson,1977-08-26T00:00:00,Michigan State,USA,Michigan State/USA,6-7,220,11,,Guard,Inactive,N,0,,,,,morris_peterson,2000,2010,N,Y,Y,2000,1,21,N,2050
15,Eric,Piatkowski,Eric Piatkowski,"Piatkowski, Eric",E. Piatkowski,eric-piatkowski,1970-09-30T00:00:00,Nebraska,USA,Nebraska/USA,6-7,215,15,52,Guard-Forward,Inactive,N,1610612746,Clippers,LAC,clippers,Los Angeles,eric_piatkowski,1994,2007,N,Y,Y,1994,1,15,N,15
1718,Paul,Pierce,Paul Pierce,"Pierce, Paul",P. Pierce,paul-pierce,1977-10-13T00:00:00,Kansas,USA,Kansas/USA,6-7,235,20,34,Forward,Inactive,N,1610612738,Celtics,BOS,celtics,Boston,paul_pierce,1998,2016,N,Y,Y,1998,1,10,Y,1718
937,Scottie,Pippen,Scottie Pippen,"Pippen, Scottie",S. Pippen,scottie-pippen,1965-09-25T00:00:00,Central Arkansas,USA,Central Arkansas/USA,6-8,228,18,33,Forward-Guard,Inactive,N,1610612741,Bulls,CHI,bulls,Chicago,scottie_pippen,1987,2003,N,Y,Y,1987,1,5,Y,937
1513,Scot,Pollard,Scot Pollard,"Pollard, Scot",S. Pollard,scot-pollard,1975-02-12T00:00:00,Kansas,USA,Kansas/USA,6-11,278,12,66,Center-Forward,Inactive,N,1610612758,Kings,SAC,kings,Sacramento,scot_pollard,1997,2007,N,Y,Y,1997,1,19,N,1513
178,Olden,Polynice,Olden Polynice,"Polynice, Olden",O. Polynice,olden-polynice,1964-11-21T00:00:00,Virginia,USA,Virginia/USA,6-10,250,15,,Center-Forward,Inactive,N,0,,,,,olden_polynice,1987,2003,N,Y,Y,1987,1,8,N,178
998,Mark,Pope,Mark Pope,"Pope, Mark",M. Pope,mark-pope,1972-09-11T00:00:00,Kentucky,USA,Kentucky/USA,6-10,235,7,41,Center-Forward,Inactive,N,1610612749,Bucks,MIL,bucks,Milwaukee,mark_pope,1997,2004,N,Y,Y,1996,2,52,N,998
2084,Chris,Porter,Chris Porter,"Porter, Chris",C. Porter,chris-porter,1978-05-09T00:00:00,Auburn,USA,Auburn/USA,6-7,218,1,4,Forward,Inactive,N,1610612744,Warriors,GSW,warriors,Golden State,chris_porter,2000,2000,Y,Y,Y,2000,2,55,N,2084
345,Terry,Porter,Terry Porter,"Porter, Terry",T. Porter,terry-porter,1963-04-08T00:00:00,Wisconsin-Stevens Point,USA,Wisconsin-Stevens Point/USA,6-3,205,17,30,Guard,Inactive,N,1610612757,Trail Blazers,POR,blazers,Portland,terry_porter,1985,2001,N,Y,Y,1985,1,24,N,345
1899,James,Posey,James Posey,"Posey, James",J. Posey,james-posey,1977-01-13T00:00:00,Xavier,USA,Xavier/USA,6-8,217,13,41,Forward,Inactive,N,1610612743,Nuggets,DEN,nuggets,Denver,james_posey,1999,2010,N,Y,Y,1999,1,18,N,1899
2068,Lavor,Postell,Lavor Postell,"Postell, Lavor",L. Postell,lavor-postell,1978-02-26T00:00:00,St. John's (NY),USA,St. John's (NY)/USA,6-5,215,4,7,Guard-Forward,Inactive,N,1610612752,Knicks,NYK,knicks,New York,lavor_postell,2000,2002,N,Y,Y,2000,2,39,N,2068
958,Vitaly,Potapenko,Vitaly Potapenko,"Potapenko, Vitaly",V. Potapenko,vitaly-potapenko,1975-03-21T00:00:00,Wright State,Ukraine,Wright State/Ukraine,6-10,285,12,20,Center-Forward,Inactive,N,1610612738,Celtics,BOS,celtics,Boston,vitaly_potapenko,1996,2006,N,Y,Y,1996,1,12,N,958
1919,Laron,Profit,Laron Profit,"Profit, Laron",L. Profit,laron-profit,1977-08-05T00:00:00,Maryland,USA,Maryland/USA,6-5,204,4,,Guard-Forward,Inactive,N,0,,,,,laron_profit,1999,2005,N,Y,Y,1999,2,38,N,1919
2038,Joel,Przybilla,Joel Przybilla,"Przybilla, Joel",J. Przybilla,joel-przybilla,1979-10-10T00:00:00,Minnesota,USA,Minnesota/USA,7-1,245,14,10,Center,Inactive,N,1610612757,Trail Blazers,POR,blazers,Portland,joel_przybilla,2000,2012,N,Y,Y,2000,1,9,N,2038
695,Eldridge,Recasner,Eldridge Recasner,"Recasner, Eldridge",E. Recasner,eldridge-recasner,1967-12-14T00:00:00,Washington,USA,Washington/USA,,,8,,Guard,Inactive,N,0,,,,,eldridge_recasner,1994,2001,N,Y,Y,1992,,,N,695
735,Bryant,Reeves,Bryant Reeves,"Reeves, Bryant",B. Reeves,bryant-reeves,1973-06-08T00:00:00,Oklahoma State,USA,Oklahoma State/USA,7-0,290,6,50,Center,Inactive,N,1610612763,Grizzlies,VAN,grizzlies,Vancouver,bryant_reeves,1995,2000,N,Y,Y,1995,1,6,N,735
690,Don,Reid,Don Reid,"Reid, Don",D. Reid,don-reid,1973-12-30T00:00:00,Georgetown,USA,Georgetown/USA,6-8,250,9,52,Forward,Inactive,N,1610612765,Pistons,DET,pistons,Detroit,don_reid,1995,2002,N,Y,Y,1995,2,58,N,690
779,Glen,Rice,Glen Rice,"Rice, Glen",G. Rice,glen-rice,1967-05-28T00:00:00,Michigan,USA,Michigan/USA,6-8,228,15,,Forward-Guard,Inactive,N,0,,,,,glen_rice,1989,2003,N,Y,Y,1989,1,4,N,779
2047,Quentin,Richardson,Quentin Richardson,"Richardson, Quentin",Q. Richardson,quentin-richardson,1980-04-13T00:00:00,DePaul,USA,DePaul/USA,6-6,228,14,55,Forward,Inactive,N,1610612746,Clippers,LAC,clippers,Los Angeles,quentin_richardson,2000,2012,N,Y,Y,2000,1,18,N,2047
361,Clifford,Robinson,Clifford Robinson,"Robinson, Clifford",C. Robinson,clifford-robinson,1966-12-16T00:00:00,Connecticut,USA,Connecticut/USA,6-10,245,18,30,Forward-Center,Inactive,N,1610612757,Trail Blazers,POR,blazers,Portland,clifford_robinson,1989,2006,N,Y,Y,1989,2,36,N,361
764,David,Robinson,David Robinson,"Robinson, David",D. Robinson,david-robinson,1965-08-06T00:00:00,Navy,USA,Navy/USA,7-1,250,14,50,Center,Inactive,N,1610612759,Spurs,SAS,spurs,San Antonio,david_robinson,1989,2002,N,Y,Y,1987,1,1,Y,764
1944,Eddie,Robinson,Eddie Robinson,"Robinson, Eddie",E. Robinson,eddie-robinson,1976-04-19T00:00:00,Central Oklahoma,USA,Central Oklahoma/USA,6-9,210,6,32,Forward,Inactive,N,1610612741,Bulls,CHI,bulls,Chicago,eddie_robinson,1999,2003,Y,Y,Y,Undrafted,Undrafted,Undrafted,N,1944
299,Glenn,Robinson,Glenn Robinson,"Robinson, Glenn",G. Robinson,glenn-robinson,1973-01-10T00:00:00,Purdue,USA,Purdue/USA,6-7,240,12,3,Forward,Inactive,N,1610612749,Bucks,MIL,bucks,Milwaukee,glenn_robinson,1994,2004,N,Y,Y,1994,1,1,N,299
435,Carlos,Rogers,Carlos Rogers,"Rogers, Carlos",C. Rogers,carlos-rogers,1971-02-06T00:00:00,Tennessee State,USA,Tennessee State/USA,6-11,232,8,6,Forward-Center,Inactive,N,1610612761,Raptors,TOR,raptors,Toronto,carlos_rogers,1994,2001,N,Y,Y,1994,1,11,N,435
915,Rodney,Rogers,Rodney Rogers,"Rogers, Rodney",R. Rogers,rodney-rogers,1971-06-20T00:00:00,Wake Forest,USA,Wake Forest/USA,6-7,270,13,54,Forward,Inactive,N,1610612746,Clippers,LAC,clippers,Los Angeles,rodney_rogers,1993,2004,N,Y,Y,1993,1,9,N,915
399,Sean,Rooks,Sean Rooks,"Rooks, Sean",S. Rooks,sean-rooks,1969-09-09T00:00:00,Arizona,USA,Arizona/USA,6-10,260,13,45,Center,Inactive,N,1610612746,Clippers,LAC,clippers,Los Angeles,sean_rooks,1992,2003,N,Y,Y,1992,2,30,N,399
147,Jalen,Rose,Jalen Rose,"Rose, Jalen",J. Rose,jalen-rose,1973-01-30T00:00:00,Michigan,USA,Michigan/USA,6-8,215,14,8,Guard-Forward,Inactive,N,1610612754,Pacers,IND,pacers,Indiana,jalen_rose,1994,2006,N,Y,Y,1994,1,13,N,147
990,Malik,Rose,Malik Rose,"Rose, Malik",M. Rose,malik-rose,1974-11-23T00:00:00,Drexel,USA,Drexel/USA,6-7,255,14,9,Forward,Inactive,N,1610612759,Spurs,SAS,spurs,San Antonio,malik_rose,1996,2008,N,Y,Y,1996,2,44,N,990
935,Bryon,Russell,Bryon Russell,"Russell, Bryon",B. Russell,bryon-russell,1970-12-31T00:00:00,Long Beach State,USA,Long Beach State/USA,6-7,225,13,,Guard-Forward,Inactive,N,0,,,,,bryon_russell,1993,2005,N,Y,Y,1993,2,45,N,935
717,Arvydas,Sabonis,Arvydas Sabonis,"Sabonis, Arvydas",A. Sabonis,arvydas-sabonis,1964-12-19T00:00:00,Real Madrid,Lithuania,Real Madrid/Lithuania,7-3,292,8,11,Center,Inactive,N,1610612757,Trail Blazers,POR,blazers,Portland,arvydas_sabonis,1995,2002,N,Y,Y,1986,1,24,N,717
2066,Soumaila,Samake,Soumaila Samake,"Samake, Soumaila",S. Samake,soumaila-samake,1978-03-18T00:00:00,Union Olimpija,Mali,Union Olimpija/Mali,6-10,240,3,0,Center,Inactive,N,1610612751,Nets,NJN,nets,New Jersey,soumaila_samake,2000,2002,N,Y,Y,2000,2,36,N,2066
2091,Daniel,Santiago,Daniel Santiago,"Santiago, Daniel",D. Santiago,daniel-santiago,1976-06-24T00:00:00,St. Vincent,Puerto Rico,St. Vincent/Puerto Rico,7-1,256,5,15,Center,Inactive,N,1610612749,Bucks,MIL,bucks,Milwaukee,daniel_santiago,2000,2004,N,Y,Y,Undrafted,Undrafted,Undrafted,N,2091
96,Detlef,Schrempf,Detlef Schrempf,"Schrempf, Detlef",D. Schrempf,detlef-schrempf,1963-01-21T00:00:00,Washington,USA,Washington/USA,6-10,235,16,12,Forward,Inactive,N,1610612760,SuperSonics,SEA,thunder,Seattle,detlef_schrempf,1985,2000,N,Y,Y,1985,1,8,N,96
1035,Shawnelle,Scott,Shawnelle Scott,"Scott, Shawnelle",S. Scott,shawnelle-scott,1972-06-16T00:00:00,St. John's (NY),USA,St. John's (NY)/USA,,,4,,Center,Inactive,N,0,,,,,shawnelle_scott,1996,2001,N,Y,Y,1994,2,43,N,1035
216,Brian,Shaw,Brian Shaw,"Shaw, Brian",B. Shaw,brian-shaw,1966-03-22T00:00:00,California-Santa Barbara,USA,California-Santa Barbara/USA,6-6,200,15,20,Guard,Inactive,N,1610612747,Lakers,LAL,lakers,Los Angeles,brian_shaw,1988,2002,N,Y,Y,1988,1,24,N,216
1730,Brian,Skinner,Brian Skinner,"Skinner, Brian",B. Skinner,brian-skinner,1976-05-19T00:00:00,Baylor,USA,Baylor/USA,6-9,255,14,,Forward-Center,Inactive,N,0,,,,,brian_skinner,1998,2011,N,Y,Y,1998,1,22,N,1730
1073,Reggie,Slater,Reggie Slater,"Slater, Reggie",R. Slater,reggie-slater,1970-08-27T00:00:00,Wyoming,USA,Wyoming/USA,6-7,255,9,35,Forward,Inactive,N,1610612761,Raptors,TOR,raptors,Toronto,reggie_slater,1994,2002,N,Y,Y,Undrafted,Undrafted,Undrafted,N,1073
693,Joe,Smith,Joe Smith,"Smith, Joe",J. Smith,joe-smith,1975-07-26T00:00:00,Maryland,USA,Maryland/USA,6-10,225,17,1,Forward-Center,Inactive,N,1610612750,Timberwolves,MIN,timberwolves,Minnesota,joe_smith,1995,2010,N,Y,Y,1995,1,1,N,693
63,Michael,Smith,Michael Smith,"Smith, Michael",M. Smith,michael-smith,1972-03-28T00:00:00,Providence,USA,Providence/USA,6-8,240,8,34,Forward,Inactive,N,1610612758,Kings,SAC,kings,Sacramento,michael_smith,1994,2000,N,Y,Y,1994,2,35,N,63
2065,Mike,Smith,Mike Smith,"Smith, Mike",M. Smith,mike-smith,1976-04-15T00:00:00,Louisiana-Monroe,USA,Louisiana-Monroe/USA,6-8,195,2,40,Forward,Inactive,N,1610612764,Wizards,WAS,wizards,Washington,mike_smith,2000,2000,N,Y,Y,2000,2,35,N,2065
120,Steven,Smith,Steven Smith,"Smith, Steven",S. Smith,steven-smith,1969-03-31T00:00:00,Michigan State,USA,Michigan State/USA,6-8,221,15,8,Guard-Forward,Inactive,N,1610612737,Hawks,ATL,hawks,Atlanta,steven_smith,1991,2004,N,Y,Y,1991,1,5,N,120
727,Eric,Snow,Eric Snow,"Snow, Eric",E. Snow,eric-snow,1973-04-24T00:00:00,Michigan State,USA,Michigan State/USA,6-3,205,14,20,Guard,Inactive,N,1610612755,76ers,PHI,sixers,Philadelphia,eric_snow,1995,2007,N,Y,Y,1995,2,43,N,727
280,Felton,Spencer,Felton Spencer,"Spencer, Felton",F. Spencer,felton-spencer,1968-01-05T00:00:00,Louisville,USA,Louisville/USA,7-0,290,12,50,Center,Inactive,N,1610612750,Timberwolves,MIN,timberwolves,Minnesota,felton_spencer,1990,2001,N,Y,Y,1990,1,6,N,280
84,Latrell,Sprewell,Latrell Sprewell,"Sprewell, Latrell",L. Sprewell,latrell-sprewell,1970-09-08T00:00:00,Alabama,USA,Alabama/USA,6-5,195,14,8,Guard,Inactive,N,1610612744,Warriors,GSW,warriors,Golden State,latrell_sprewell,1992,2004,N,Y,Y,1992,1,24,N,84
711,Jerry,Stackhouse,Jerry Stackhouse,"Stackhouse, Jerry",J. Stackhouse,jerry-stackhouse,1974-11-05T00:00:00,North Carolina,USA,North Carolina/USA,6-6,218,19,42,Forward,Inactive,N,1610612765,Pistons,DET,pistons,Detroit,jerry_stackhouse,1995,2012,N,Y,Y,1995,1,3,N,711
317,John,Starks,John Starks,"Starks, John",J. Starks,john-starks,1965-08-10T00:00:00,Oklahoma State,USA,Oklahoma State/USA,6-5,190,13,9,Guard,Inactive,N,1610612752,Knicks,NYK,knicks,New York,john_starks,1988,2001,N,Y,Y,Undrafted,Undrafted,Undrafted,N,317
1735,Vladimir,Stepania,Vladimir Stepania,"Stepania, Vladimir",V. Stepania,vladimir-stepania,1976-05-08T00:00:00,Union Olimpija,Georgia,Union Olimpija/Georgia,7-1,255,7,11,Center,Inactive,N,1610612748,Heat,MIA,heat,Miami,vladimir_stepania,1998,2003,N,Y,Y,1998,1,27,N,1735
2052,DeShawn,Stevenson,DeShawn Stevenson,"Stevenson, DeShawn",D. Stevenson,deshawn-stevenson,1981-04-03T00:00:00,Washington Union HS (CA),USA,Washington Union HS (CA)/USA,6-5,218,14,92,Forward-Guard,Inactive,N,1610612764,Wizards,WAS,wizards,Washington,deshawn_stevenson,2000,2012,N,Y,Y,2000,1,23,N,2052
1565,Michael,Stewart,Michael Stewart,"Stewart, Michael",M. Stewart,michael-stewart,1975-04-25T00:00:00,California,USA,California/USA,6-10,230,9,44,Center,Inactive,N,1610612761,Raptors,TOR,raptors,Toronto,michael_stewart,1997,2004,N,Y,Y,Undrafted,Undrafted,Undrafted,N,1565
179,Bryant,Stith,Bryant Stith,"Stith, Bryant",B. Stith,bryant-stith,1970-12-10T00:00:00,Virginia,USA,Virginia/USA,6-5,210,11,23,Guard,Inactive,N,1610612743,Nuggets,DEN,nuggets,Denver,bryant_stith,1992,2002,N,Y,Y,1992,1,13,N,179
304,John,Stockton,John Stockton,"Stockton, John",J. Stockton,john-stockton,1962-03-26T00:00:00,Gonzaga,USA,Gonzaga/USA,6-1,175,19,12,Guard,Inactive,N,1610612762,Jazz,UTA,jazz,Utah,john_stockton,1984,2002,N,Y,Y,1984,1,16,Y,304
978,Peja,Stojakovic,Peja Stojakovic,"Stojakovic, Peja",P. Stojakovic,peja-stojakovic,1977-06-09T00:00:00,PAOK,Serbia,PAOK/Serbia,6-10,229,14,16,Forward,Inactive,N,1610612758,Kings,SAC,kings,Sacramento,peja_stojakovic,1998,2010,N,Y,Y,1996,1,14,N,978
757,Damon,Stoudamire,Damon Stoudamire,"Stoudamire, Damon",D. Stoudamire,damon-stoudamire,1973-09-03T00:00:00,Arizona,USA,Arizona/USA,5-10,171,14,3,Guard,Inactive,N,1610612757,Trail Blazers,POR,blazers,Portland,damon_stoudamire,1995,2007,N,Y,Y,1995,1,7,N,757
1065,Erick,Strickland,Erick Strickland,"Strickland, Erick",E. Strickland,erick-strickland,1973-11-25T00:00:00,Nebraska,USA,Nebraska/USA,6-3,218,10,20,Guard,Inactive,N,1610612742,Mavericks,DAL,mavericks,Dallas,erick_strickland,1996,2004,N,Y,Y,Undrafted,Undrafted,Undrafted,N,1065
1110,Mark,Strickland,Mark Strickland,"Strickland, Mark",M. Strickland,mark-strickland,1970-07-14T00:00:00,Temple,USA,Temple/USA,6-10,220,9,,Forward,Inactive,N,0,,,,,mark_strickland,1994,2002,N,Y,Y,Undrafted,Undrafted,Undrafted,N,1110
393,Rod,Strickland,Rod Strickland,"Strickland, Rod",R. Strickland,rod-strickland,1966-07-11T00:00:00,DePaul,USA,DePaul/USA,6-3,185,17,,Guard,Inactive,N,0,,,,,rod_strickland,1988,2004,N,Y,Y,1988,1,19,N,393
400,Derek,Strong,Derek Strong,"Strong, Derek",D. Strong,derek-strong,1968-02-09T00:00:00,Xavier,USA,Xavier/USA,6-9,240,10,30,Forward,Inactive,N,1610612753,Magic,ORL,magic,Orlando,derek_strong,1991,2000,N,Y,Y,1990,2,47,N,400
682,Bob,Sura,Bob Sura,"Sura, Bob",B. Sura,bob-sura,1973-03-25T00:00:00,Florida State,USA,Florida State/USA,6-5,200,11,3,Guard,Inactive,N,1610612739,Cavaliers,CLE,cavaliers,Cleveland,bob_sura,1995,2006,N,Y,Y,1995,1,17,N,682
2031,Stromile,Swift,Stromile Swift,"Swift, Stromile",S. Swift,stromile-swift,1979-11-21T00:00:00,Louisiana State,USA,Louisiana State/USA,6-10,220,10,4,Forward-Center,Inactive,N,1610612763,Grizzlies,MEM,grizzlies,Memphis,stromile_swift,2000,2008,N,Y,Y,2000,1,2,N,2031
1887,Wally,Szczerbiak,Wally Szczerbiak,"Szczerbiak, Wally",W. Szczerbiak,wally-szczerbiak,1977-03-05T00:00:00,Miami (Ohio),USA,Miami (Ohio)/USA,6-7,240,11,10,Guard-Forward,Inactive,N,1610612750,Timberwolves,MIN,timberwolves,Minnesota,wally_szczerbiak,1999,2008,N,Y,Y,1999,1,6,N,1887
440,Zan,Tabak,Zan Tabak,"Tabak, Zan",Z. Tabak,zan-tabak,1970-06-15T00:00:00,Olimpia Milano,Croatia,Olimpia Milano/Croatia,7-0,257,6,55,Center,Inactive,N,1610612761,Raptors,TOR,raptors,Toronto,zan_tabak,1994,2000,N,Y,Y,1991,2,51,N,440
1434,Dragan,Tarlac,Dragan Tarlac,"Tarlac, Dragan",D. Tarlac,dragan-tarlac,1973-05-09T00:00:00,Olympiacos,Serbia,Olympiacos/Serbia,6-11,270,1,12,Center-Forward,Inactive,N,1610612741,Bulls,CHI,bulls,Chicago,dragan_tarlac,2000,2000,N,Y,Y,1995,2,31,N,1434
1891,Jason,Terry,Jason Terry,"Terry, Jason",J. Terry,jason-terry,1977-09-15T00:00:00,Arizona,USA,Arizona/USA,6-2,185,19,3,Guard,Inactive,N,1610612742,Mavericks,DAL,mavericks,Dallas,jason_terry,1999,2017,N,Y,Y,1999,1,10,N,1891
1975,Jamel,Thomas,Jamel Thomas,"Thomas, Jamel",J. Thomas,jamel-thomas,1976-07-19T00:00:00,Providence,USA,Providence/USA,6-6,219,2,5,Forward,Inactive,N,1610612751,Nets,NJN,nets,New Jersey,jamel_thomas,1999,2000,N,Y,Y,Undrafted,Undrafted,Undrafted,N,1975
1903,Kenny,Thomas,Kenny Thomas,"Thomas, Kenny",K. Thomas,kenny-thomas,1977-07-25T00:00:00,New Mexico,USA,New Mexico/USA,6-7,245,12,,Center-Forward,Inactive,N,0,,,,,kenny_thomas,1999,2009,N,Y,Y,1999,1,22,N,1903
703,Kurt,Thomas,Kurt Thomas,"Thomas, Kurt",K. Thomas,kurt-thomas,1972-10-04T00:00:00,TCU,USA,TCU/USA,6-9,240,18,,Forward,Inactive,N,0,,,,,kurt_thomas,1995,2012,N,Y,Y,1995,1,10,N,703
1501,Tim,Thomas,Tim Thomas,"Thomas, Tim",T. Thomas,tim-thomas,1977-02-26T00:00:00,Villanova,USA,Villanova/USA,6-10,240,14,7,Forward,Inactive,N,1610612749,Bucks,MIL,bucks,Milwaukee,tim_thomas,1997,2009,N,Y,Y,1997,1,7,N,1501
901,Otis,Thorpe,Otis Thorpe,"Thorpe, Otis",O. Thorpe,otis-thorpe,1962-08-05T00:00:00,Providence,USA,Providence/USA,6-10,248,17,52,Center-Forward,Inactive,N,1610612745,Rockets,HOU,rockets,Houston,otis_thorpe,1984,2000,N,Y,Y,1984,1,9,N,901
1714,Robert,Traylor,Robert Traylor,"Traylor, Robert",R. Traylor,robert-traylor,1977-02-01T00:00:00,Michigan,USA,Michigan/USA,6-8,284,8,32,Forward-Center,Inactive,N,1610612739,Cavaliers,CLE,cavaliers,Cleveland,robert_traylor,1998,2004,N,Y,Y,1998,1,6,N,1714
2054,Jake,Tsakalidis,Jake Tsakalidis,"Tsakalidis, Jake",J. Tsakalidis,jake-tsakalidis,1979-06-10T00:00:00,AEK Athens,Greece,AEK Athens/Greece,7-2,290,8,25,Center,Inactive,N,1610612756,Suns,PHX,suns,Phoenix,jake_tsakalidis,2000,2006,N,Y,Y,2000,1,25,N,2054
2045,Hedo,Turkoglu,Hedo Turkoglu,"Turkoglu, Hedo",H. Turkoglu,hedo-turkoglu,1979-03-19T00:00:00,Efes Pilsen,Turkey,Efes Pilsen/Turkey,6-10,220,15,15,Forward,Inactive,N,1610612753,Magic,ORL,magic,Orlando,hedo_turkoglu,2000,2014,N,Y,Y,2000,1,16,N,2045
89,Nick,Van Exel,Nick Van Exel,"Van Exel, Nick",N. Van Exel,nick-van-exel,1971-11-27T00:00:00,Cincinnati,USA,Cincinnati/USA,6-1,190,13,31,Guard,Inactive,N,1610612747,Lakers,LAL,lakers,Los Angeles,nick_van exel,1993,2005,N,Y,Y,1993,2,37,N,89
1496,Keith,Van Horn,Keith Van Horn,"Van Horn, Keith",K. Van Horn,keith-van-horn,1975-10-23T00:00:00,Utah,USA,Utah/USA,6-10,245,10,2,Forward,Inactive,N,1610612751,Nets,NJN,nets,New Jersey,keith_van horn,1997,2005,N,Y,Y,1997,1,2,N,1496
2128,David,Vanterpool,David Vanterpool,"Vanterpool, David",D. Vanterpool,david-vanterpool,1973-03-21T00:00:00,St. Bonaventure,USA,St. Bonaventure/USA,6-5,200,1,22,Guard,Inactive,N,1610612764,Wizards,WAS,wizards,Washington,david_vanterpool,2000,2000,N,Y,Y,Undrafted,Undrafted,Undrafted,N,2128
1521,Jacque,Vaughn,Jacque Vaughn,"Vaughn, Jacque",J. Vaughn,jacque-vaughn,1975-02-11T00:00:00,Kansas,USA,Kansas/USA,6-1,190,13,11,Guard,Inactive,N,1610612762,Jazz,UTA,jazz,Utah,jacque_vaughn,1997,2008,N,Y,Y,1997,1,27,N,1521
919,Loy,Vaught,Loy Vaught,"Vaught, Loy",L. Vaught,loy-vaught,1968-02-27T00:00:00,Michigan,USA,Michigan/USA,6-9,240,11,35,Forward-Center,Inactive,N,1610612746,Clippers,LAC,clippers,Los Angeles,loy_vaught,1990,2000,N,Y,Y,1990,1,13,N,919
2063,Jake,Voskuhl,Jake Voskuhl,"Voskuhl, Jake",J. Voskuhl,jake-voskuhl,1977-11-01T00:00:00,Connecticut,USA,Connecticut/USA,6-11,255,10,77,Center,Inactive,N,1610612756,Suns,PHX,suns,Phoenix,jake_voskuhl,2000,2008,N,Y,Y,2000,2,33,N,2063
952,Antoine,Walker,Antoine Walker,"Walker, Antoine",A. Walker,antoine-walker,1976-08-12T00:00:00,Kentucky,USA,Kentucky/USA,6-9,245,13,24,Forward,Inactive,N,1610612738,Celtics,BOS,celtics,Boston,antoine_walker,1996,2007,Y,Y,Y,1996,1,6,N,952
955,Samaki,Walker,Samaki Walker,"Walker, Samaki",S. Walker,samaki-walker,1976-02-25T00:00:00,Louisville,USA,Louisville/USA,6-9,260,11,,Forward,Inactive,N,0,,,,,samaki_walker,1996,2005,N,Y,Y,1996,1,9,N,955
1112,Ben,Wallace,Ben Wallace,"Wallace, Ben",B. Wallace,ben-wallace,1974-09-10T00:00:00,Virginia Union,USA,Virginia Union/USA,6-9,240,17,6,Forward-Center,Inactive,N,1610612765,Pistons,DET,pistons,Detroit,ben_wallace,1996,2011,N,Y,Y,Undrafted,Undrafted,Undrafted,N,1112
961,John,Wallace,John Wallace,"Wallace, John",J. Wallace,john-wallace,1974-02-09T00:00:00,Syracuse,USA,Syracuse/USA,6-9,225,8,22,Forward,Inactive,N,1610612761,Raptors,TOR,raptors,Toronto,john_wallace,1996,2003,N,Y,Y,1996,1,18,N,961
739,Rasheed,Wallace,Rasheed Wallace,"Wallace, Rasheed",R. Wallace,rasheed-wallace,1974-09-17T00:00:00,North Carolina,USA,North Carolina/USA,6-11,230,16,,Forward-Center,Inactive,N,0,,,,,rasheed_wallace,1995,2012,N,Y,Y,1995,1,4,N,739
369,Charlie,Ward,Charlie Ward,"Ward, Charlie",C. Ward,charlie-ward,1970-10-12T00:00:00,Florida State,USA,Florida State/USA,6-2,185,12,,Guard,Inactive,N,0,,,,,charlie_ward,1994,2004,N,Y,Y,1994,1,26,N,369
221,Clar.,Weatherspoon,Clar. Weatherspoon,"Weatherspoon, Clar.",C. Weatherspoon,clar-weatherspoon,1970-09-08T00:00:00,Southern Mississippi,USA,Southern Mississippi/USA,6-7,270,14,30,Forward,Inactive,N,1610612755,76ers,PHI,sixers,Philadelphia,clar._weatherspoon,1992,2004,N,Y,Y,1992,1,9,N,221
185,Chris,Webber,Chris Webber,"Webber, Chris",C. Webber,chris-webber,1973-03-01T00:00:00,Michigan,USA,Michigan/USA,6-10,245,15,4,Forward-Center,Inactive,N,0,,,,,chris_webber,1993,2007,N,Y,Y,1993,1,1,N,185
133,David,Wesley,David Wesley,"Wesley, David",D. Wesley,david-wesley,1970-11-14T00:00:00,Baylor,USA,Baylor/USA,6-1,203,15,4,Guard,Inactive,N,1610612766,Hornets,CHH,hornets,Charlotte,david_wesley,1993,2006,N,Y,Y,Undrafted,Undrafted,Undrafted,N,133
1751,Jahidi,White,Jahidi White,"White, Jahidi",J. White,jahidi-white,1976-02-19T00:00:00,Georgetown,USA,Georgetown/USA,6-9,290,7,,Center-Forward,Inactive,N,0,,,,,jahidi_white,1998,2004,N,Y,Y,1998,2,43,N,1751
1425,Aaron,Williams,Aaron Williams,"Williams, Aaron",A. Williams,aaron-williams,1971-10-02T00:00:00,Xavier,USA,Xavier/USA,6-9,235,14,,Center-Forward,Inactive,N,0,,,,,aaron_williams,1993,2007,N,Y,Y,Undrafted,Undrafted,Undrafted,N,1425
1541,Alvin,Williams,Alvin Williams,"Williams, Alvin",A. Williams,alvin-williams,1974-08-06T00:00:00,Villanova,USA,Villanova/USA,6-5,195,9,,Guard,Inactive,N,0,,,,,alvin_williams,1997,2006,N,Y,Y,1997,2,47,N,1541
677,Eric,Williams,Eric Williams,"Williams, Eric",E. Williams,eric-williams,1972-07-17T00:00:00,Providence,USA,Providence/USA,6-8,220,12,,Guard-Forward,Inactive,N,0,,,,,eric_williams,1995,2006,Y,Y,Y,1995,1,14,N,677
1715,Jason,Williams,Jason Williams,"Williams, Jason",J. Williams,jason-williams,1975-11-18T00:00:00,Florida,USA,Florida/USA,6-1,180,12,,Guard,Inactive,N,0,,,,,jason_williams,1998,2010,N,Y,Y,1998,1,7,N,1715
966,Jerome,Williams,Jerome Williams,"Williams, Jerome",J. Williams,jerome-williams,1973-05-10T00:00:00,Georgetown,USA,Georgetown/USA,6-9,206,10,31,Forward-Center,Inactive,N,1610612765,Pistons,DET,pistons,Detroit,jerome_williams,1996,2004,N,Y,Y,1996,1,26,N,966
42,Monty,Williams,Monty Williams,"Williams, Monty",M. Williams,monty-williams,1971-10-08T00:00:00,Notre Dame,USA,Notre Dame/USA,6-8,225,10,5,Forward,Inactive,N,1610612753,Magic,ORL,magic,Orlando,monty_williams,1994,2002,N,Y,Y,1994,1,24,N,42
281,Scott,Williams,Scott Williams,"Williams, Scott",S. Williams,scott-williams,1968-03-21T00:00:00,North Carolina,USA,North Carolina/USA,6-10,260,16,,Forward-Center,Inactive,N,0,,,,,scott_williams,1990,2004,N,Y,Y,Undrafted,Undrafted,Undrafted,N,281
1742,Shammond,Williams,Shammond Williams,"Williams, Shammond",S. Williams,shammond-williams,1975-04-05T00:00:00,North Carolina,USA,North Carolina/USA,6-1,201,7,3,Guard,Inactive,N,1610612760,SuperSonics,SEA,thunder,Seattle,shammond_williams,1998,2006,N,Y,Y,1998,2,34,N,1742
1005,Walt,Williams,Walt Williams,"Williams, Walt",W. Williams,walt-williams,1970-04-16T00:00:00,Maryland,USA,Maryland/USA,6-8,230,12,,Forward-Guard,Inactive,N,0,,,,,walt_williams,1992,2002,N,Y,Y,1992,1,7,N,1005
722,Corliss,Williamson,Corliss Williamson,"Williamson, Corliss",C. Williamson,corliss-williamson,1973-12-04T00:00:00,Arkansas,USA,Arkansas/USA,6-7,245,13,34,Forward,Inactive,N,1610612758,Kings,SAC,kings,Sacramento,corliss_williamson,1995,2006,N,Y,Y,1995,1,13,N,722
788,Kevin,Willis,Kevin Willis,"Willis, Kevin",K. Willis,kevin-willis,1962-09-06T00:00:00,Michigan State,USA,Michigan State/USA,7-0,245,22,45,Center-Forward,Inactive,N,1610612737,Hawks,ATL,hawks,Atlanta,kevin_willis,1984,2006,N,Y,Y,1984,1,11,N,788
766,David,Wingate,David Wingate,"Wingate, David",D. Wingate,david-wingate,1963-12-15T00:00:00,Georgetown,USA,Georgetown/USA,6-5,187,15,25,Guard-Forward,Inactive,N,1610612760,SuperSonics,SEA,thunder,Seattle,david_wingate,1986,2000,N,Y,Y,1986,2,44,N,766
2106,Ruben,Wolkowyski,Ruben Wolkowyski,"Wolkowyski, Ruben",R. Wolkowyski,ruben-wolkowyski,1973-09-30T00:00:00,Estudiantes de Olavarria,Argentina,Estudiantes de Olavarria/Argentina,6-10,275,2,45,Forward,Inactive,N,1610612760,SuperSonics,SEA,thunder,Seattle,ruben_wolkowyski,2000,2002,N,Y,Y,Undrafted,Undrafted,Undrafted,N,2106
1897,Metta,World Peace,Metta World Peace,"World Peace, Metta",M. World Peace,metta-world-peace,1979-11-13T00:00:00,St. John's (NY),USA,St. John's (NY)/USA,6-7,260,18,37,Forward,Inactive,N,1610612747,Lakers,LAL,lakers,Los Angeles,metta_world peace,1999,2016,N,Y,Y,1999,1,16,N,1897
953,Lorenzen,Wright,Lorenzen Wright,"Wright, Lorenzen",L. Wright,lorenzen-wright,1975-11-04T00:00:00,Memphis,USA,Memphis/USA,6-11,255,14,55,Forward-Center,Inactive,N,1610612763,Grizzlies,MEM,grizzlies,Memphis,lorenzen_wright,1996,2008,N,Y,Y,1996,1,7,N,953
1917,Wang,Zhi-zhi,Wang Zhi-zhi,"Zhi-zhi, Wang",W. Zhi-zhi,wang-zhi-zhi,1977-07-08T00:00:00,Bayi,China,Bayi/China,7-1,284,6,,Center,Inactive,N,0,,,,,wang_zhi-zhi,2000,2004,N,Y,Y,1999,2,36,N,1917
